"SENTIDO","NAVEGACAO","PAIS_PORTO_ESTRANG","BERCO","ATRACACAO","MES_ATRAC","ANO_ATRAC","DESATRACACAO","ANO_DESAT","CAPITULO","SECAO","TIPO_CARGA","GRUPOANTAQ"
"Embarque","CB","AFEGANISTAO","102","7/30/2024 23:25","12","2024","7/31/2924 23:25","2025",""," Cavalos","GRANEL LÍQUIDO","Biodiesel e suas misturas, que não contenham ou que contenham menos de 70 %, em peso, de óleos de petróleo ou de óleos minerais betuminosos. "
"Embarque","CB","AFRICA DO SUL","102","7/30/2024 23:25","12","2024","7/31/2924 23:25","2025",""," Reprodutores de raça pura ","GRANEL LÍQUIDO","Biodiesel"
"Embarque","CB","ALBANIA","102","7/30/2024 23:25","12","2024","7/31/2924 23:25","2025",""," Outros ","GRANEL LÍQUIDO","Misturas que contenham derivados halogenados do metano, do etano ou do propano, não especificadas nem compreendidas noutras posições."
"Embarque","CB","ALEMANHA","102","1/10/2025 9:20","1","2025","1/8/2925 9:29","2025",""," Asininos ","CARGA GERAL"," Que contenham clorofluorcarbonetos (CFC), mesmo que contenham hidroclorofluorcarbonetos (HCFC), perfluorcarbonetos (PFC) ou hidrofluorcarbonetos (HFC); que contenham hidrobromofluorcarbonetos (HBFC); que contenham tetracloreto de carbono; que contenham 1,1,1tricloroetano (metilclorofórmio):"
"Embarque","CB","ANDORRA","102","1/10/2025 9:20","1","2025","1/8/2925 9:29","2025",""," Outros ","CARGA GERAL"," Que contenham clorofluorcarbonetos (CFC), mesmo que contenham hidroclorofluorcarbonetos (HCFC), perfluorcarbonetos (PFC) ou hidrofluorcarbonetos (HFC)"
"Embarque","CB","ANGOLA","102","1/10/2025 9:20","1","2025","1/8/2925 9:29","2025","","Animais vivos da espécie bovina.","CARGA GERAL","Que contenham triclorotrifluoroetanos "
"Embarque","CB","ANGUILLA","102","7/30/2024 23:25","12","2024","7/31/2924 23:25","2025",""," Bovinos domésticos","CARGA GERAL","Outras "
"Embarque","CB","ANTIGUA E BARBUDA","102","1/10/2025 9:20","1","2025","1/8/2925 9:29","2025",""," Reprodutores de raça pura","CARGA GERAL"," Que contenham hidrobromofluorcarbonetos (HBFC) "
"Embarque","LC","ANTILHAS HOLANDESAS","202","7/29/2024 14:00","12","2024","7/29/2924 22:04","2025","","Prenhes ou com cria ao pé ","CARGA GERAL"," Que contenham tetracloreto de carbono "
"Desembarque","LC","ARABIA SAUDITA","202","7/29/2024 14:00","12","2024","7/29/2924 22:04","2025","","Outros ","CARGA GERAL"," Que contenham 1,1,1tricloroetano (metilclorofórmio) "
"Desembarque","LC","ARGELIA","202","7/29/2024 14:00","12","2024","7/29/2924 22:04","2025",""," Outros","GRANEL SÓLIDO"," Que contenham bromoclorodifluorometano (halon1211), bromotrifluorometano (halon1301) ou dibromotetrafluoroetanos (halon2402) "
"Embarque","LC","ARGENTINA","202","7/29/2024 14:00","12","2024","7/29/2924 22:04","2025","","Para reprodução","GRANEL SÓLIDO"," Que contenham hidroclorofluorcarbonetos (HCFC), mesmo que contenham perfluorcarbonetos (PFC) ou hidrofluorcarbonetos (HFC), mas que não contenham clorofluorcarbonetos (CFC):"
"Desembarque","LC","ARMENIA","202","7/29/2024 14:00","12","2024","7/29/2924 22:04","2025","","Prenhes ou com cria ao pé ","GRANEL SÓLIDO"," Que contenham substâncias das subposições 2903.41 a 2903.48"
"Embarque","CB","ARUBA","102","02/01/2025 09:45","1","2025","1/2/2925 9:55","2025","","Outros ","GRANEL LÍQUIDO","Que contenham clorodifluorometano e pentafluoroetano "
"Embarque","CB","AUSTRALIA","102","02/01/2025 09:45","1","2025","1/2/2925 9:55","2025","","Outros ","GRANEL LÍQUIDO","Outras "
"Embarque","CB","AUSTRIA","102","02/01/2025 09:45","1","2025","1/2/2925 9:55","2025",""," Búfalos","GRANEL LÍQUIDO"," Outras, que contenham substâncias das subposições 2903.71 a 2903.75"
"Embarque","CB","AZERBAIDJAO","102","1/15/2025 7:34","1","2025","1/15/2925 7:34","2025",""," Reprodutores de raça pura","GRANEL LÍQUIDO","Que contenham clorodifluorometano e clorotetrafluoroetano "
"Embarque","CB","BAHAMAS, ILHAS","102","1/15/2025 7:34","1","2025","1/15/2925 7:34","2025","","Prenhes ou com cria ao pé ","GRANEL LÍQUIDO","Outras "
"Embarque","CB","BANGLADESH","102","1/15/2025 7:34","1","2025","1/15/2925 7:34","2025","","Outros ","GRANEL LÍQUIDO"," Outras "
"Embarque","CB","BARBADOS","102","1/15/2025 7:34","1","2025","1/15/2925 7:34","2025",""," Outros","GRANEL LÍQUIDO"," Que contenham brometo de metila (bromometano) ou bromoclorometano "
"Embarque","CB","BAREIN","102","1/15/2025 7:34","1","2025","1/15/2925 7:34","2025","","Para reprodução","GRANEL LÍQUIDO"," Que contenham trifluorometano (HFC23) ou perfluorcarbonetos (PFC), mas que não contenham clorofluorcarbonetos (CFC) ou hidroclorofluorcarbonetos (HCFC):"
"Embarque","CB","BELARUS","102","05/01/2025 17:00","1","2025","1/5/2925 17:04","2025","","Prenhes ou com cria ao pé ","GRANEL LÍQUIDO"," Que contenham trifluorometano (HFC23) "
"Embarque","CB","BELGICA","102","05/01/2025 17:00","1","2025","1/5/2925 17:04","2025","","Outros ","GRANEL LÍQUIDO"," Outras "
"Embarque","LC","BELIZE","201","09/01/2025 09:25","1","2025","1/9/2925 9:25","2025","","Outros ","GRANEL SÓLIDO"," Que contenham outros hidrofluorcarbonetos (HFC), mas que não contenham clorofluorcarbonetos (CFC) ou hidroclorofluorcarbonetos (HCFC):"
"Embarque","LC","BENIN","201","09/01/2025 09:25","1","2025","1/9/2925 9:25","2025",""," Outros ","GRANEL SÓLIDO"," Que contenham, em massa, 15 % ou mais de 1,1,1trifluoroetano (HFC143a) "
"Embarque","CB","BERMUDAS","102","08/01/2025 01:23","1","2025","1/8/2925 1:23","2025","","Animais vivos da espécie suína.","GRANEL LÍQUIDO"," Outras, não mencionadas na subposição acima, que contenham, em massa, 55 % ou mais de pentafluoroetano (HFC125), mas que não contenham derivados fluorados não saturados dos hidrocarbonetos acíclicos (HFO) "
"Embarque","CB","BOLIVIA","102","08/01/2025 01:23","1","2025","1/8/2925 1:23","2025",""," Reprodutores de raça pura ","GRANEL LÍQUIDO"," Outras, não mencionadas nas subposições acima, que contenham, em massa, 40 % ou mais de pentafluoroetano (HFC125) "
"Embarque","CB","BONAIRE, SAINT EUSTATIUS E SABA","102","08/01/2025 01:23","1","2025","1/8/2925 1:23","2025",""," Outros","GRANEL LÍQUIDO"," Outras, não mencionadas nas subposições acima, que contenham, em massa, 30 % ou mais de 1,1,1,2 tetrafluoroetano (HFC134a), mas que não contenham derivados fluorados não saturados dos hidrocarbonetos acíclicos (HFO) "
"Embarque","CB","BOSNIA-HERZEGOVINA","102","08/01/2025 01:23","1","2025","1/8/2925 1:23","2025",""," De peso inferior a 50 kg ","GRANEL LÍQUIDO"," Outras, não mencionadas nas subposições acima, que contenham, em massa, 20 % ou mais de difluorometano (HFC32) e 20 % ou mais de pentafluoroetano (HFC125) "
"Embarque","CB","BOTSUANA","102","08/01/2025 01:23","1","2025","1/8/2925 1:23","2025",""," De peso igual ou superior a 50 kg ","GRANEL LÍQUIDO"," Outras, não mencionadas nas subposições acima, que contenham substâncias das subposições 2903.41 a 2903.48 "
"Embarque","CB","BOUVET, ILHA","102","08/01/2025 01:23","1","2025","1/8/2925 1:23","2025","","Animais vivos das espécies ovina e caprina.","GRANEL LÍQUIDO"," Outras "
"Embarque","CB","BRASIL","201","7/31/2024 0:00","12","2024","7/31/2924 4:04","2025",""," Ovinos","GRANEL SÓLIDO"," Outras "
"Embarque","CB","BRUNEI","201","7/31/2024 0:00","12","2024","7/31/2924 4:04","2025","","Reprodutores de raça pura","GRANEL SÓLIDO","Polímeros de etileno, em formas primárias."
"Embarque","CB","BULGARIA","201","7/31/2024 0:00","12","2024","7/31/2924 4:04","2025","","Prenhes ou com cria ao pé ","GRANEL SÓLIDO"," Polietileno de densidade inferior a 0,94"
"Desembarque","LC","BURKINA FASO","202","03/01/2025 07:40","1","2025","1/3/2925 7:40","2025","","Outros ","GRANEL SÓLIDO","Com carga "
"Desembarque","LC","BURUNDI","202","03/01/2025 07:40","1","2025","1/3/2925 7:40","2025","","Outros ","GRANEL SÓLIDO","Sem carga "
"Desembarque","LC","BUTAO","202","03/01/2025 07:40","1","2025","1/3/2925 7:40","2025",""," Caprinos","GRANEL SÓLIDO"," Polietileno de densidade igual ou superior a 0,94"
"Desembarque","LC","CABO VERDE","301","03/01/2025 03:20","1","2025","1/3/2925 3:29","2025","","Reprodutores de raça pura ","GRANEL SÓLIDO","Com carga"
"Desembarque","LC","CAMAROES","301","03/01/2025 03:20","1","2025","1/3/2925 3:29","2025","","Outros ","GRANEL SÓLIDO","Vulcanizado, de densidade superior a 1,3 "
"Embarque","CB","CAMBOJA","201","1/23/2025 15:05","1","2025","1/23/2925 15:05","2025","","Aves da espécie Gallus domesticus, patos, gansos, perus, peruas e galinhasd'angola (pintadas), das espécies domésticas, vivos.","GRANEL SÓLIDO","Outros "
"Embarque","CB","CANADA","201","1/23/2025 15:05","1","2025","1/23/2925 15:05","2025",""," De peso não superior a 185 g","GRANEL SÓLIDO","Sem carga"
"Embarque","CB","CANARIAS","201","1/23/2025 15:05","1","2025","1/23/2925 15:05","2025",""," Aves da espécie Gallus domesticus","GRANEL SÓLIDO","Vulcanizado, de densidade superior a 1,3 "
"Embarque","CB","CATAR","201","1/3/2025 7:20","1","2025","1/3/2925 7:29","2025","","De linhas puras ou híbridas, para reprodução ","GRANEL SÓLIDO","Outros "
"Embarque","CB","CAYMAN","301","07/01/2025 05:25","1","2025","1/7/2925 5:25","2025","","Outros ","GRANEL SÓLIDO"," Copolímeros de etileno e acetato de vinila"
"Embarque","CB","CAZAQUISTAO","301","13/01/2025 00:05","1","2025","1/13/2925 4:05","2025",""," Peruas e perus ","GRANEL SÓLIDO","Nas formas previstas na Nota 6 a) deste Capítulo "
"Embarque","CB","CHADE","202","15/01/2025 14:55","1","2025","1/15/2925 22:55","2025",""," Patos ","GRANEL SÓLIDO","Outros "
"Embarque","CB","CHILE","202","03/02/2025 02:40","2","2025","2/3/2925 2:40","2025",""," Gansos ","GRANEL SÓLIDO"," Copolímeros de etileno e alfaolefina, de densidade inferior a 0,94 "
"Embarque","LC","CHINA","201","1/15/2025 21:30","1","2025","1/15/2925 21:31","2025",""," Galinhasd'angola (pintadas) ","GRANEL SÓLIDO"," Outros"
"Embarque","CB","CHIPRE","102","29/01/2025 07:08","1","2025","1/29/2925 7:08","2025",""," Outros","GRANEL LÍQUIDO","Copolímeros de etileno e ácido acrílico "
"Embarque","CB","CHRISTMAS, ILHA (NAVIDAD)","102","29/01/2025 07:08","1","2025","1/29/2925 7:08","2025",""," Aves da espécie Gallus domesticus ","GRANEL LÍQUIDO","Copolímeros de etileno e monômeros com radicais carboxílicos, inclusive com metacrilato de metila ou acrilato de metila como terceiro monômero "
"Embarque","CB","CINGAPURA","102","29/01/2025 07:08","1","2025","1/29/2925 7:08","2025",""," Outros ","GRANEL LÍQUIDO","Polietileno clorossulfonado "
"Embarque","CB","COCOS (KEELINGS)","102","29/01/2025 07:08","1","2025","1/29/2925 7:08","2025","","Outros animais vivos.","GRANEL LÍQUIDO","Polietileno clorado "
"Embarque","CB","COLOMBIA","102","29/01/2025 07:08","1","2025","1/29/2925 7:08","2025",""," Mamíferos","GRANEL LÍQUIDO","Copolímeros de etileno  ácido metacrílico, com um conteúdo de etileno igual ou superior a 60 %, em peso "
"Embarque","CB","COMORES","102","29/01/2025 07:08","1","2025","1/29/2925 7:08","2025",""," Primatas ","GRANEL LÍQUIDO","Outros "
"Embarque","CB","CONGO","301","23/01/2025 13:40","1","2025","1/23/2925 13:40","2025",""," Baleias, golfinhos e botos (mamíferos da ordem Cetacea); peixesboi (manatins) e dugongos
(mamíferos da ordem Sirenia); otárias e focas, leõesmarinhos e morsas (mamíferos da
subordem Pinnipedia) ","GRANEL SÓLIDO","Polímeros de propileno ou de outras olefinas, em formas primárias."
"Desembarque","CB","COOK","101","25/01/2025 17:43","1","2025","1/25/2925 17:43","2025",""," Camelos e outros camelídeos (Camelidae) ","GRANEL LÍQUIDO"," Polipropileno"
"Desembarque","CB","COREIA DO NORTE","101","25/01/2025 17:43","1","2025","1/25/2925 17:43","2025",""," Coelhos e lebres ","GRANEL LÍQUIDO","Com carga "
"Desembarque","LC","COREIA DO SUL","201","08/02/2025 20:40","2","2025","374415.23611111","2025",""," Outros ","GRANEL SÓLIDO","Sem carga "
"Desembarque","LC","COSTA DO MARFIM","201","08/02/2025 20:40","2","2025","374415.23611111","2025",""," Répteis (incluindo as serpentes e as tartarugas marinhas) ","GRANEL SÓLIDO"," Poliisobutileno "
"Desembarque","LC","COSTA RICA","201","08/02/2025 20:40","2","2025","374415.23611111","2025",""," Aves","GRANEL SÓLIDO"," Copolímeros de propileno "
"Desembarque","LC","CROACIA","201","28/01/2025 09:00","1","2025","1/16/2925 9:04","2025",""," Aves de rapina ","GRANEL SÓLIDO"," Outros "
"Desembarque","LC","CUBA","201","28/01/2025 09:00","1","2025","1/16/2925 9:04","2025",""," Psitaciformes (incluindo os papagaios, os periquitos, as araras e as catatuas) ","GRANEL SÓLIDO","Polímeros de estireno, em formas primárias."
"Embarque","LC","CURACAO","201","1/10/2025 15:40","1","2025","1/8/2925 15:40","2025",""," Avestruzes; emus (Dromaius novaehollandiae)","GRANEL SÓLIDO"," Poliestireno:"
"Desembarque","LC","DINAMARCA","201","1/10/2025 15:40","1","2025","1/8/2925 15:40","2025","","Avestruzes (Struthio camelus), para reprodução ","GRANEL SÓLIDO"," Expansível"
"Desembarque","LC","DJIBUTI","201","1/10/2025 15:40","1","2025","1/8/2925 15:40","2025","","Outros ","GRANEL SÓLIDO","Com carga "
"Desembarque","LC","DOMINICA","201","1/10/2025 15:40","1","2025","1/8/2925 15:40","2025",""," Outras ","GRANEL SÓLIDO","Sem carga "
"Desembarque","LC","EGITO","201","1/10/2025 15:40","1","2025","1/8/2925 15:40","2025",""," Insetos","GRANEL SÓLIDO"," Outros "
"Desembarque","LC","EL SALVADOR","201","1/10/2025 15:40","1","2025","1/8/2925 15:40","2025",""," Abelhas ","GRANEL SÓLIDO"," Copolímeros de estirenoacrilonitrila (SAN) "
"Desembarque","LC","EMIRADOS ARABES UNIDOS","201","1/10/2025 15:40","1","2025","1/8/2925 15:40","2025",""," Outros ","GRANEL SÓLIDO"," Copolímeros de acrilonitrilabutadienoestireno (ABS)"
"Desembarque","CB","EQUADOR","201","1/20/2025 10:25","1","2025","1/29/2925 8:25","2025",""," Outros ","GRANEL SÓLIDO","Com carga "
"Embarque","CB","ERITREIA","202","15/01/2025 14:55","1","2025","1/15/2925 22:55","2025","","Carnes de animais da espécie bovina, frescas ou refrigeradas.","GRANEL SÓLIDO","Sem carga "
"Embarque","CB","ESLOVAQUIA","202","15/01/2025 14:55","1","2025","1/15/2925 22:55","2025",""," Carcaças e meiascarcaças ","GRANEL SÓLIDO"," Outros"
"Embarque","CB","ESLOVENIA","202","15/01/2025 14:55","1","2025","1/15/2925 22:55","2025",""," Outras peças não desossadas","GRANEL SÓLIDO","Copolímeros de metacrilato de metilbutadienoestireno (MBS) "
"Embarque","CB","ESPANHA","202","15/01/2025 14:55","1","2025","1/15/2925 22:55","2025","","Quartos dianteiros ","GRANEL SÓLIDO","Copolímeros de acrilonitriloestirenoacrilato de butilo (ASA) "
"Embarque","CB","ESTADOS UNIDOS","301","16/01/2025 14:35","1","2025","1/16/2925 22:35","2025","","Quartos traseiros ","GRANEL SÓLIDO","Outros "
"Embarque","CB","ESTONIA","301","16/01/2025 14:35","1","2025","1/16/2925 22:35","2025","","Outras ","GRANEL SÓLIDO","Polímeros de cloreto de vinila ou de outras olefinas halogenadas, em formas primárias."
"Embarque","CB","ESWATINI (ANTIGA SUAZILANDIA","301","16/01/2025 14:35","1","2025","1/16/2925 22:35","2025",""," Desossadas ","GRANEL SÓLIDO"," Poli(cloreto de vinila), não misturado com outras substâncias"
"Embarque","CB","ETIOPIA","301","16/01/2025 14:35","1","2025","1/16/2925 22:35","2025","","Carnes de animais da espécie bovina, congeladas.","GRANEL SÓLIDO","Obtido por processo de suspensão "
"Desembarque","LC","FALKLAND (MALVINAS)","202","1/23/2025 14:23","1","2025","1/23/2925 22:23","2025",""," Carcaças e meiascarcaças ","GRANEL SÓLIDO","Obtido por processo de emulsão "
"Desembarque","LC","FAROE","202","1/23/2025 14:23","1","2025","1/23/2925 22:23","2025",""," Outras peças não desossadas","GRANEL SÓLIDO","Outros "
"Desembarque","LC","FIJI","202","1/23/2025 14:23","1","2025","1/23/2925 22:23","2025","","Quartos dianteiros ","GRANEL SÓLIDO"," Outro poli(cloreto de vinila):"
"Desembarque","LC","FILIPINAS","202","1/23/2025 14:23","1","2025","1/23/2925 22:23","2025","","Quartos traseiros ","GRANEL SÓLIDO"," Não plastificado "
"Desembarque","CB","FINLANDIA","301","17/01/2025 11:50","1","2025","1/17/2925 11:50","2025","","Outras ","GRANEL SÓLIDO"," Plastificado "
"Embarque","CB","FRANCA","202","24/01/2025 04:45","1","2025","1/24/2925 11:55","2025",""," Desossadas ","GRANEL SÓLIDO"," Copolímeros de cloreto de vinila e acetato de vinila "
"Embarque","CB","GABAO","202","24/01/2025 04:45","1","2025","1/24/2925 11:55","2025","","Carnes de animais da espécie suína, frescas, refrigeradas ou congeladas.","GRANEL SÓLIDO"," Outros copolímeros de cloreto de vinila"
"Embarque","CB","GAMBIA","202","24/01/2025 04:45","1","2025","1/24/2925 11:55","2025",""," Frescas ou refrigeradas","GRANEL SÓLIDO","Com acetato de vinila, com um ácido dibásico ou com álcool vinílico, nas formas previstas na Nota 6 b) deste Capítulo "
"Embarque","CB","GANA","202","1/17/2025 17:23","1","2025","1/17/2925 17:23","2025",""," Carcaças e meiascarcaças ","GRANEL SÓLIDO","Outros "
"Embarque","CB","GEORGIA","202","1/17/2025 17:23","1","2025","1/17/2925 17:23","2025",""," Pernas, pás e respectivos pedaços, não desossados ","GRANEL SÓLIDO"," Polímeros de cloreto de vinilideno"
"Desembarque","CB","GIBRALTAR","201","13/01/2025 23:30","1","2025","1/13/2925 23:31","2025",""," Outras ","GRANEL SÓLIDO","Copolímeros de cloreto de vinilideno, sem emulsionante nem plastificante "
"Desembarque","CB","GRANADA","201","13/01/2025 23:30","1","2025","1/13/2925 23:31","2025",""," Congeladas","GRANEL SÓLIDO","Outros "
"Embarque","CB","GRECIA","202","1/21/2025 23:40","1","2025","1/21/2925 23:40","2025",""," Carcaças e meiascarcaças ","GRANEL SÓLIDO"," Polímeros fluorados:"
"Embarque","CB","GROENLANDIA","202","1/21/2025 23:40","1","2025","1/21/2925 23:40","2025",""," Pernas, pás e respectivos pedaços, não desossados ","GRANEL SÓLIDO"," Politetrafluoretileno"
"Embarque","CB","GUADALUPE","202","1/21/2025 23:40","1","2025","1/21/2925 23:40","2025",""," Outras ","GRANEL SÓLIDO","Nas formas previstas na Nota 6 a) deste Capítulo "
"Embarque","CB","GUAM","202","1/21/2025 23:40","1","2025","1/21/2925 23:40","2025","","Carnes de animais das espécies ovina ou caprina, frescas, refrigeradas ou congeladas.","GRANEL SÓLIDO","Outros "
"Embarque","CB","GUATEMALA","202","03/02/2025 02:40","2","2025","2/3/2925 2:40","2025",""," Carcaças e meiascarcaças de cordeiro, frescas ou refrigeradas ","GRANEL SÓLIDO"," Outros"
"Embarque","CB","GUERNSEY, ILHA DO CANAL (INCLUI ALDERNEY E SARK)","202","03/02/2025 02:40","2","2025","2/3/2925 2:40","2025",""," Outras carnes de animais da espécie ovina, frescas ou refrigeradas","GRANEL SÓLIDO","Copolímero de fluoreto de vinilideno e hexafluorpropileno "
"Embarque","CB","GUIANA","202","03/02/2025 02:40","2","2025","2/3/2925 2:40","2025",""," Carcaças e meiascarcaças ","GRANEL SÓLIDO","Outros "
"Embarque","CB","GUIANA FRANCESA","202","03/02/2025 02:40","2","2025","2/3/2925 2:40","2025",""," Outras peças não desossadas ","GRANEL SÓLIDO"," Outros"
"Desembarque","CB","GUINE","202","02/02/2025 09:40","2","2025","2/2/2925 9:40","2025",""," Desossadas ","GRANEL SÓLIDO","Poli(cloreto de vinila) clorado "
"Desembarque","CB","GUINE-BISSAU","301","06/02/2025 09:30","2","2025","2/3/2925 9:31","2025",""," Carcaças e meiascarcaças de cordeiro, congeladas ","GRANEL SÓLIDO","Outros "
"Desembarque","CB","GUINE-EQUATORIAL","301","06/02/2025 09:30","2","2025","2/3/2925 9:31","2025",""," Outras carnes de animais da espécie ovina, congeladas","GRANEL SÓLIDO","Polímeros de acetato de vinila ou de outros ésteres de vinila, em formas primárias; outros polímeros de vinila, em formas primárias."
"Desembarque","CB","HAITI","301","06/02/2025 09:30","2","2025","2/3/2925 9:31","2025",""," Carcaças e meiascarcaças ","GRANEL SÓLIDO"," Poli(acetato de vinila):"
"Desembarque","CB","HOLANDA (PAISES BAIXOS)","201","1/17/2025 7:55","1","2025","1/17/2925 7:55","2025",""," Outras peças não desossadas ","GRANEL SÓLIDO"," Em dispersão aquosa "
"Embarque","LC","HONDURAS","202","1/6/2025 10:23","1","2025","1/3/2925 8:23","2025",""," Desossadas ","GRANEL SÓLIDO"," Outro"
"Embarque","LC","HONG KONG","202","1/6/2025 10:23","1","2025","1/3/2925 8:23","2025",""," Carnes de animais da espécie caprina ","GRANEL SÓLIDO","Com grupos álcool vinílico, nas formas previstas na Nota 6 b) deste Capítulo "
"Embarque","CB","HUNGRIA","301","16/01/2025 14:35","1","2025","1/16/2925 22:35","2025","","Carnes de animais das espécies cavalar, asinina e muar, frescas, refrigeradas ou congeladas. ","GRANEL SÓLIDO","Outro "
"Embarque","CB","IEMEN","301","16/01/2025 14:35","1","2025","1/16/2925 22:35","2025","","Miudezas comestíveis de animais das espécies bovina, suína, ovina, caprina, cavalar, asinina e muar, frescas, refrigeradas ou congeladas.","GRANEL SÓLIDO"," Copolímeros de acetato de vinila:"
"Desembarque","CB","INDIA","301","11/01/2025 08:30","1","2025","1/11/2925 8:31","2025",""," Da espécie bovina, frescas ou refrigeradas ","GRANEL SÓLIDO"," Em dispersão aquosa "
"Desembarque","CB","INDONESIA","301","11/01/2025 08:30","1","2025","1/11/2925 8:31","2025",""," Da espécie bovina, congeladas","GRANEL SÓLIDO"," Outros "
"Embarque","LC","IRA","202","1/23/2025 14:23","1","2025","1/23/2925 22:23","2025",""," Línguas ","GRANEL SÓLIDO"," Poli(álcool vinílico), mesmo que contenha grupos acetato não hidrolisados "
"Embarque","CB","IRAQUE","202","13/01/2025 07:00","1","2025","1/13/2925 7:04","2025",""," Fígados ","GRANEL SÓLIDO"," Outros:"
"Embarque","CB","IRLANDA","202","13/01/2025 07:00","1","2025","1/13/2925 7:04","2025",""," Outras","GRANEL SÓLIDO"," Copolímeros"
"Embarque","CB","ISLANDIA","102","24/01/2025 16:06","1","2025","1/24/2925 16:03","2025","","Rabos ","GRANEL LÍQUIDO","De vinilpirrolidona e acetato de vinila, em solução alcoólica "
"Desembarque","CB","ISRAEL","301","17/01/2025 11:50","1","2025","1/17/2925 11:50","2025","","Outros ","GRANEL SÓLIDO","Outros "
"Embarque","CB","ITALIA","202","24/01/2025 04:45","1","2025","1/24/2925 11:55","2025",""," Da espécie suína, frescas ou refrigeradas ","GRANEL SÓLIDO"," Outros"
"Embarque","CB","JAMAICA","202","24/01/2025 04:45","1","2025","1/24/2925 11:55","2025",""," Da espécie suína, congeladas","GRANEL SÓLIDO","Poli(vinilformal) "
"Embarque","CB","JAPAO","202","24/01/2025 04:45","1","2025","1/24/2925 11:55","2025",""," Fígados ","GRANEL SÓLIDO","Poli(butiral de vinila) "
"Embarque","CB","JERSEY, ILHA DO CANAL","202","1/17/2025 17:23","1","2025","1/17/2925 17:23","2025",""," Outras ","GRANEL SÓLIDO","Poli(vinilpirrolidona) iodada "
"Desembarque","LC","JOHNSTON","201","15/01/2025 13:45","1","2025","1/15/2925 13:55","2025",""," Outras, frescas ou refrigeradas ","GRANEL SÓLIDO","Outros "
"Desembarque","LC","JORDANIA","201","15/01/2025 13:45","1","2025","1/15/2925 13:55","2025",""," Outras, congeladas ","GRANEL SÓLIDO","Polímeros acrílicos, em formas primárias."
"Embarque","CB","KIRIBATI","103","16/01/2025 15:40","1","2025","1/16/2925 15:40","2025","","Carnes e miudezas, comestíveis, frescas, refrigeradas ou congeladas, das aves da posição 01.05.","GRANEL SÓLIDO"," Poli(metacrilato de metila) "
"Embarque","CB","KUWEIT","202","1/21/2025 23:40","1","2025","1/21/2925 23:40","2025",""," De aves da espécie Gallus domesticus","GRANEL SÓLIDO","Em pó, de granulometria de 50 a 400 mesh, próprio para uso odontológico"
"Embarque","CB","LAOS","202","1/21/2025 23:40","1","2025","1/21/2925 23:40","2025",""," Não cortadas em pedaços, frescas ou refrigeradas ","GRANEL SÓLIDO"," Outros"
"Embarque","CB","LESOTO","301","21/01/2025 16:00","1","2025","1/21/2925 16:04","2025",""," Não cortadas em pedaços, congeladas ","GRANEL SÓLIDO","Nas formas previstas na Nota 6 a) deste Capítulo, em água"
"Desembarque","CB","LETONIA","101","1/30/2025 11:10","1","2025","1/31/2925 11:08","2025","","       Com miudezas","GRANEL LÍQUIDO","Poli(ácido acrílico) e seus sais "
"Desembarque","CB","LIBANO","101","1/30/2025 11:10","1","2025","1/31/2925 11:08","2025","","       Sem miudezas","GRANEL LÍQUIDO","Sal sódico do poli(ácido acrilamídico), solúvel em água "
"Desembarque","CB","LIBERIA","201","1/20/2025 10:25","1","2025","1/29/2925 8:25","2025",""," Pedaços e miudezas, frescos ou refrigerados ","GRANEL SÓLIDO","Outros "
"Embarque","CB","LIBIA","301","03/02/2025 15:50","2","2025","2/3/2925 15:50","2025",""," Pedaços e miudezas, congelados ","GRANEL SÓLIDO","Nas formas previstas na Nota 6 a) deste Capítulo, em solventes orgânicos"
"Embarque","CB","LIECHTENSTEIN","301","31/01/2025 13:25","1","2025","1/31/2925 13:25","2025","","    Pedaços não desossados","GRANEL SÓLIDO","Poli(ácido acrílico) e seus sais "
"Embarque","CB","LITUANIA","301","2/23/2025 10:55","2","2025","2/23/2925 8:55","2025","","      Peitos","GRANEL SÓLIDO","Copolímero de metacrilato de 2diisopropilaminoetila e metacrilato de ndecila, em suspensão de dimetilacetamida "
"Embarque","CB","LUXEMBURGO","301","2/23/2025 10:55","2","2025","2/23/2925 8:55","2025","","      Coxas com sobrecoxas","GRANEL SÓLIDO","Outros "
"Embarque","CB","MACAU","202","06/02/2025 01:00","2","2025","2/3/2925 1:04","2025","","      Asas","GRANEL SÓLIDO","Nas formas previstas na Nota 6 a) deste Capítulo, em outros solventes ou sem solvente"
"Embarque","CB","MACEDONIA DO NORTE","202","06/02/2025 01:00","2","2025","2/3/2925 1:04","2025","","      Outros","GRANEL SÓLIDO","Poli(ácido acrílico) e seus sais "
"Desembarque","CB","MADAGASCAR","201","1/25/2025 23:23","1","2025","1/25/2925 23:23","2025","","    Pedaços desossados","GRANEL SÓLIDO","Sal sódico do poli(ácido acrilamídico), solúvel em água "
"Desembarque","CB","MADEIRA","201","1/25/2025 23:23","1","2025","1/25/2925 23:23","2025","","      Peitos, coxas e sobrecoxas, formando uma só peça","GRANEL SÓLIDO","Outros "
"Desembarque","CB","MALASIA","201","1/25/2025 23:23","1","2025","1/25/2925 23:23","2025","","      Peitos","GRANEL SÓLIDO","Nas formas previstas na Nota 6 b) deste Capítulo, exceto copolímeros"
"Desembarque","CB","MALAVI","201","1/25/2025 23:23","1","2025","1/25/2925 23:23","2025","","      Coxas com sobrecoxas","GRANEL SÓLIDO","Poli(ácido acrílico) e seus sais"
"Embarque","CB","MALDIVAS","102","09/02/2025 04:53","2","2025","2/9/2925 11:53","2025","","      Carne mecanicamente separada","GRANEL LÍQUIDO","Em pó, de granulometria de 50 a 400 mesh, próprios para uso odontológico"
"Embarque","CB","MALI","102","09/02/2025 04:53","2","2025","2/9/2925 11:53","2025","","      Outros","GRANEL LÍQUIDO","Sal sódico do poli(ácido acrilamídico), solúvel em água"
"Embarque","CB","MALTA","101","2/2/2025 15:41","2","2025","2/2/2925 15:41","2025","","    Miudezas","GRANEL LÍQUIDO","Carboxipolimetileno, em pó"
"Embarque","CB","MAN, ILHA DE","101","2/2/2025 15:41","2","2025","2/2/2925 15:41","2025","","      Fígados","GRANEL LÍQUIDO","Poli(acrilato de sódio), com capacidade de absorção de uma solução aquosa de cloreto de sódio 0,9 %, em peso, igual ou superior a vinte vezes seu próprio peso"
"Embarque","CB","MARIANAS DO NORTE","101","2/2/2025 15:41","2","2025","2/2/2925 15:41","2025","","      Moelas","GRANEL LÍQUIDO","Outros"
"Embarque","CB","MARROCOS","101","2/2/2025 15:41","2","2025","2/2/2925 15:41","2025","","      Corações","GRANEL LÍQUIDO","Em pó, de granulometria de 50 a 400 mesh, próprios para uso odontológico"
"Embarque","CB","MARSHALL, ILHAS","101","2/2/2025 15:41","2","2025","2/2/2925 15:41","2025","","      Pés e patas","GRANEL LÍQUIDO","Copolímeros nas formas previstas na Nota 6 b) deste Capítulo"
"Embarque","CB","MARTINICA","101","2/2/2025 15:41","2","2025","2/2/2925 15:41","2025","","      Outras","GRANEL LÍQUIDO","Copolímero de acrilato de potássio e acrilamida, com capacidade de absorção de água destilada de até quatrocentas vezes seu próprio peso"
"Embarque","CB","MAURICIO","101","2/2/2025 15:41","2","2025","2/2/2925 15:41","2025",""," De peruas e de perus","GRANEL LÍQUIDO","Copolímeros de acrilato de metilaetileno com um conteúdo de acrilato de metila igual ou superior a 50 %, em peso"
"Embarque","CB","MAURITANIA","101","2/2/2025 15:41","2","2025","2/2/2925 15:41","2025",""," Não cortadas em pedaços, frescas ou refrigeradas ","GRANEL LÍQUIDO","Copolímero de acrilato de etila, acrilato de nbutila e acrilato de 2metoxietila"
"Embarque","CB","MEXICO","101","2/2/2025 15:41","2","2025","2/2/2925 15:41","2025",""," Não cortadas em pedaços, congeladas ","GRANEL LÍQUIDO","Copolímero de acrilato de potássio e ácido acrílico, com capacidade de absorção de água destilada de até quatrocentas vezes seu próprio peso"
"Embarque","CB","MIANMAR","102","13/02/2025 04:34","2","2025","2/13/2925 11:34","2025",""," Pedaços e miudezas, frescos ou refrigerados ","GRANEL LÍQUIDO","Copolímero de acrilamida e acrilato de sódio"
"Embarque","CB","MICRONESIA","102","13/02/2025 04:34","2","2025","2/13/2925 11:34","2025",""," Pedaços e miudezas, congelados ","GRANEL LÍQUIDO","Outros"
"Embarque","CB","MIDWAY","102","13/02/2025 04:34","2","2025","2/13/2925 11:34","2025",""," De patos","GRANEL LÍQUIDO","Em pó, de granulometria de 50 a 400 mesh, próprios para uso odontológico"
"Embarque","CB","MOCAMBIQUE","201","31/01/2025 04:40","1","2025","1/31/2925 11:40","2025",""," Não cortadas em pedaços, frescas ou refrigeradas ","GRANEL SÓLIDO",""
"Embarque","CB","MOLDAVIA","201","31/01/2025 04:40","1","2025","1/31/2925 11:40","2025",""," Não cortadas em pedaços, congeladas ","GRANEL SÓLIDO","Poliacetais, outros poliéteres e resinas epóxidas, em formas primárias; policarbonatos, resinas alquídicas, poliésteres alílicos e outros poliésteres, em formas primárias."
"Embarque","CB","MONACO","201","31/01/2025 04:40","1","2025","1/31/2925 11:40","2025",""," Fígados gordos (foies gras), frescos ou refrigerados ","GRANEL SÓLIDO","- Poliacetais"
"Desembarque","LC","MONGOLIA","301","28/01/2025 23:40","1","2025","1/16/2925 23:40","2025",""," Outras, frescas ou refrigeradas ","GRANEL SÓLIDO","Com carga, nas formas previstas na Nota 6 a) deste Capítulo "
"Desembarque","LC","MONTENEGRO","301","28/01/2025 23:40","1","2025","1/16/2925 23:40","2025",""," Outras, congeladas ","GRANEL SÓLIDO","Com carga, nas formas previstas na Nota 6 b) deste Capítulo "
"Embarque","LC","MONTSERRAT","202","28/01/2025 01:00","1","2025","1/16/2925 1:04","2025",""," De gansos","GRANEL SÓLIDO","Sem carga, nas formas previstas na Nota 6 a) deste Capítulo"
"Embarque","LC","NAMIBIA","202","28/01/2025 01:00","1","2025","1/16/2925 1:04","2025",""," Não cortadas em pedaços, frescas ou refrigeradas ","GRANEL SÓLIDO","Polidextrose "
"Desembarque","CB","NAURU","202","1/31/2025 10:05","1","2025","1/31/2925 8:05","2025",""," Não cortadas em pedaços, congeladas ","GRANEL SÓLIDO","Outros "
"Desembarque","CB","NEPAL","202","1/31/2025 10:05","1","2025","1/31/2925 8:05","2025",""," Fígados gordos (foies gras), frescos ou refrigerados ","GRANEL SÓLIDO","Sem carga, nas formas previstas na Nota 6 b) deste Capítulo, não estabilizados"
"Desembarque","CB","NICARAGUA","202","1/31/2025 10:05","1","2025","1/31/2925 8:05","2025",""," Outras, frescas ou refrigeradas ","GRANEL SÓLIDO","Polidextrose "
"Desembarque","CB","NIGER","202","1/31/2025 10:05","1","2025","1/31/2925 8:05","2025",""," Outras, congeladas ","GRANEL SÓLIDO","Outros, em pó que passe através de uma peneira com abertura de malha de 0,85 mm em proporção superior a 80 %, em peso "
"Embarque","CB","NIGERIA","202","09/02/2025 13:40","2","2025","2/9/2925 13:40","2025",""," De galinhasd'angola (pintadas) ","GRANEL SÓLIDO","Outros "
"Embarque","CB","NIUE","202","09/02/2025 13:40","2","2025","2/9/2925 13:40","2025","","Outras carnes e miudezas comestíveis, frescas, refrigeradas ou congeladas.","GRANEL SÓLIDO","Outros"
"Embarque","CB","NORFOLK, ILHA","202","07/02/2025 09:30","2","2025","2/7/2925 9:31","2025",""," De coelhos ou lebres ","GRANEL SÓLIDO","Em grânulos, de diâmetro de partícula superior a 2 mm, segundo a Norma ASTM E 11-70"
"Embarque","CB","NORUEGA","202","07/02/2025 09:30","2","2025","2/7/2925 9:31","2025",""," De primatas ","GRANEL SÓLIDO","Outros "
"Desembarque","LC","AFEGANISTAO","201","2/6/2025 6:23","2","2025","2/3/2925 3:23","2025",""," De baleias, golfinhos e botos (mamíferos da ordem Cetacea); de peixesboi (manatins) e dugongos
(mamíferos da ordem Sirenia); de otárias e focas, leõesmarinhos e morsas (mamíferos da
subordem Pinnipedia) ","GRANEL SÓLIDO","- Outros poliéteres:"
"Desembarque","LC","AFRICA DO SUL","201","2/6/2025 6:23","2","2025","2/3/2925 3:23","2025",""," De répteis (incluindo as serpentes e as tartarugas marinhas) ","GRANEL SÓLIDO","-- Metilfosfonato de bis(polioxietileno) "
"Desembarque","LC","ALBANIA","201","2/6/2025 6:23","2","2025","2/3/2925 3:23","2025",""," De camelos e outros camelídeos (Camelidae) ","GRANEL SÓLIDO","-- Outros"
"Desembarque","LC","ALEMANHA","201","2/6/2025 6:23","2","2025","2/3/2925 3:23","2025",""," Outras ","GRANEL SÓLIDO","Poli(óxido de fenileno), mesmo modificado com estireno ou estireno-acrilonitrila"
"Desembarque","CB","ANDORRA","201","11/02/2025 01:15","2","2025","2/11/2925 1:15","2025","","Toucinho sem partes magras, gorduras de porco e de aves, não fundidas nem extraídas de outro modo, frescos, refrigerados, congelados, salgados ou em salmoura, secos ou defumados (fumados).","GRANEL SÓLIDO","Com carga "
"Desembarque","LC","ANGOLA","301","09/02/2025 09:50","2","2025","2/9/2925 9:50","2025",""," De porco","GRANEL SÓLIDO","Sem carga "
"Desembarque","LC","ANGUILLA","301","09/02/2025 09:50","2","2025","2/9/2925 9:50","2025","","Toucinho","GRANEL SÓLIDO","Politetrametilenoeterglicol "
"Embarque","CB","ANTIGUA E BARBUDA","301","2/10/2025 15:00","2","2025","2/8/2925 15:04","2025","","Fresco, refrigerado ou congelado ","GRANEL SÓLIDO","Polieterpolióis"
"Embarque","CB","ANTILHAS HOLANDESAS","202","2/10/2025 23:50","2","2025","2/8/2925 23:50","2025","","Outros ","GRANEL SÓLIDO","Polietilenoglicol 400 "
"Embarque","CB","ARABIA SAUDITA","202","2/10/2025 23:50","2","2025","2/8/2925 23:50","2025","","Gordura","GRANEL SÓLIDO","Outros "
"Embarque","CB","ARGELIA","202","2/10/2025 23:50","2","2025","2/8/2925 23:50","2025","","Fresca, refrigerada ou congelada ","GRANEL SÓLIDO","Poli(epicloridrina) (PECH) e seus copolímeros"
"Embarque","CB","ARGENTINA","202","2/10/2025 23:50","2","2025","2/8/2925 23:50","2025","","Outras ","GRANEL SÓLIDO","Poli(epicloridrina) "
"Embarque","CB","ARMENIA","201","15/02/2025 07:40","2","2025","2/15/2925 7:40","2025",""," Outros ","GRANEL SÓLIDO","Copolímeros de óxido de etileno "
"Embarque","CB","ARUBA","102","2/15/2025 10:37","2","2025","2/15/2925 8:37","2025","","Carnes e miudezas, comestíveis, salgadas ou em salmoura, secas ou defumadas (fumadas); farinhas e pós, comestíveis, de carnes ou de miudezas.","GRANEL LÍQUIDO","Outros "
"Embarque","CB","AUSTRALIA","102","2/15/2025 10:37","2","2025","2/15/2925 8:37","2025",""," Carnes da espécie suína","GRANEL LÍQUIDO","Outros"
"Embarque","CB","AUSTRIA","102","2/15/2025 10:37","2","2025","2/15/2925 8:37","2025",""," Pernas, pás e respectivos pedaços, não desossados ","GRANEL LÍQUIDO","Poliacetal poliéter (PAPE)"
"Embarque","CB","AZERBAIDJAO","301","2/10/2025 5:30","2","2025","2/8/2925 5:31","2025",""," Toucinhos entremeados (Barrigas (entremeadas)*) e seus pedaços ","GRANEL SÓLIDO","Outros"
"Desembarque","LC","BAHAMAS, ILHAS","301","2/20/2025 23:23","2","2025","29/02/2925  23:23:04","2025",""," Outras ","GRANEL SÓLIDO","- Resinas epóxidas"
"Desembarque","LC","BANGLADESH","301","2/20/2025 23:23","2","2025","29/02/2925  23:23:04","2025",""," Carnes da espécie bovina ","GRANEL SÓLIDO","Com carga"
"Embarque","LC","BARBADOS","201","21/02/2025 05:45","2","2025","2/21/2925 5:55","2025",""," Outras, incluindo as farinhas e pós, comestíveis, de carnes ou de miudezas","GRANEL SÓLIDO","Nas formas previstas na Nota 6 a) deste Capítulo "
"Embarque","LC","BAREIN","201","21/02/2025 05:45","2","2025","2/21/2925 5:55","2025",""," De primatas ","GRANEL SÓLIDO","Outras "
"Desembarque","LC","BELARUS","201","21/02/2025 05:45","2","2025","2/21/2925 5:55","2025","","Miudezas; farinhas e pós dessas miudezas","GRANEL SÓLIDO","Sem carga"
"Desembarque","LC","BELGICA","201","21/02/2025 05:45","2","2025","2/21/2925 5:55","2025",""," De baleias, golfinhos e botos (mamíferos da ordem Cetacea); de peixesboi (manatins) e dugongos (mamíferos da ordem Sirenia); de otárias e focas, leõesmarinhos e morsas (mamíferos da subordem Pinnipedia)","GRANEL SÓLIDO","Copolímero de tetrabromobisfenol A e epicloridrina (resina epóxida bromada) "
"Desembarque","LC","BELIZE","201","21/02/2025 05:45","2","2025","2/21/2925 5:55","2025","","Miudezas; farinhas e pós dessas miudezas","GRANEL SÓLIDO","Outras, nas formas previstas na Nota 6 a) deste Capítulo "
"Embarque","LC","BENIN","201","2/6/2025 6:23","2","2025","2/3/2925 3:23","2025",""," De répteis (incluindo as serpentes e as tartarugas marinhas) ","GRANEL SÓLIDO","Outras "
"Embarque","LC","BERMUDAS","201","2/6/2025 6:23","2","2025","2/3/2925 3:23","2025","","Miudezas; farinhas e pós dessas miudezas","GRANEL SÓLIDO","- Policarbonatos"
"Embarque","LC","BOLIVIA","201","2/6/2025 6:23","2","2025","2/3/2925 3:23","2025",""," Outras","GRANEL SÓLIDO","Nas formas previstas na Nota 6 b) deste Capítulo, com transmissão de luz de comprimento de onda de 550 nm ou 800 nm, superior a 89 %, segundo Norma ASTM D 1003-00 e índice de fluidez de massa igual ou superior a 60 g/10 min e inferior ou igual a 80 g/10 min segundo Norma ASTM D 1238"
"Desembarque","LC","BONAIRE, SAINT EUSTATIUS E SABA","201","2/6/2025 6:23","2","2025","2/3/2925 3:23","2025","","Carnes de aves da posição 01.05","GRANEL SÓLIDO","Em pó ou flocos, com índice de fluidez de massa inferior a 60 g/10 min ou superior a 80 g/10 min segundo Norma ASTM D 1238"
"Desembarque","LC","BOSNIA-HERZEGOVINA","201","2/6/2025 6:23","2","2025","2/3/2925 3:23","2025","","De galos e de galinhas ","GRANEL SÓLIDO","Outros "
"Desembarque","LC","BOTSUANA","201","2/6/2025 6:23","2","2025","2/3/2925 3:23","2025","","Outras ","GRANEL SÓLIDO","- Resinas alquídicas"
"Embarque","CB","BOUVET, ILHA","201","02/02/2025 15:30","2","2025","2/2/2925 15:31","2025","","Carnes da espécie ovina ","GRANEL SÓLIDO","Nas formas previstas na Nota 6 a) deste Capítulo "
"Embarque","CB","BRASIL","201","02/02/2025 15:30","2","2025","2/2/2925 15:31","2025","","Carnes da espécie cavalar ","GRANEL SÓLIDO","Outras "
"Embarque","CB","BRUNEI","301","2/10/2025 15:00","2","2025","2/8/2925 15:04","2025","","Miudezas comestíveis ","GRANEL SÓLIDO","- Poli(tereftalato de etileno):"
"Desembarque","LC","BULGARIA","202","2/11/2025 15:30","2","2025","2/11/2925 15:31","2025","","Outras ","GRANEL SÓLIDO","-- De um índice de viscosidade de 78 ml/g ou mais "
"Embarque","CB","BURKINA FASO","202","2/14/2025 23:50","2","2025","2/22/2925 23:50","2025","","Farinhas e pós das miudezas do código 0210.99.40","GRANEL SÓLIDO","-- Outros "
"Embarque","CB","BURUNDI","202","2/10/2025 23:50","2","2025","2/8/2925 23:50","2025","","Peixes vivos.","GRANEL SÓLIDO","- Poli(ácido láctico) "
"Embarque","CB","BUTAO","101","21/03/2025 06:25","3","2025","3/21/2925 3:25","2025",""," Peixes ornamentais","GRANEL LÍQUIDO","- Outros poliésteres:"
"Embarque","CB","CABO VERDE","101","21/03/2025 06:25","3","2025","3/21/2925 3:25","2025",""," De água doce","GRANEL LÍQUIDO","-- Não saturados "
"Embarque","CB","CAMAROES","301","09/03/2025 14:20","3","2025","3/9/2925 22:29","2025","","Aruanã (Osteoglossum bicirrhosum) ","GRANEL SÓLIDO","-- Outros"
"Desembarque","CB","CAMBOJA","201","14/03/2025 23:40","3","2025","3/22/2925 23:40","2025","","Outros ","GRANEL SÓLIDO","Poli(tereftalato de butileno)"
"Embarque","CB","CANADA","202","09/03/2025 20:35","3","2025","374444.23263889","2025",""," Outros ","GRANEL SÓLIDO","Com carga de fibra de vidro "
"Embarque","CB","CANARIAS","202","09/03/2025 20:35","3","2025","374444.23263889","2025",""," Outros peixes vivos","GRANEL SÓLIDO","Outros, nas formas previstas na Nota 6 a) deste Capítulo "
"Desembarque","LC","CATAR","301","14/03/2025 05:40","3","2025","3/22/2925 5:40","2025",""," Trutas (Salmo trutta, Oncorhynchus mykiss, Oncorhynchus clarki, Oncorhynchus aguabonita, Oncorhynchus gilae, Oncorhynchus apache e Oncorhynchus chrysogaster)","GRANEL SÓLIDO","Outros "
"Desembarque","LC","CAYMAN","301","14/03/2025 05:40","3","2025","3/22/2925 5:40","2025","","Para reprodução ","GRANEL SÓLIDO","Outros"
"Embarque","CB","CAZAQUISTAO","202","3/15/2025 13:20","3","2025","3/15/2925 13:29","2025","","Outras ","GRANEL SÓLIDO","Nas formas previstas na Nota 6 a) deste Capítulo "
"Embarque","CB","CHADE","202","3/15/2025 13:20","3","2025","3/15/2925 13:29","2025",""," Enguias (Anguilla spp.)","GRANEL SÓLIDO","Poli(épsilon-caprolactona) "
"Embarque","CB","CHILE","202","3/15/2025 13:20","3","2025","3/15/2925 13:29","2025","","Para reprodução ","GRANEL SÓLIDO","Copolímero de tereftalato de dimetila, cicloexanodimetanol e ácido isoftálico "
"Embarque","CB","CHINA","101","16/03/2025 14:53","3","2025","3/16/2925 22:53","2025","","Outras ","GRANEL LÍQUIDO","Copolímero de tereftalato de dimetila, cicloexanodimetanol e tetrametil ciclobutanodiol "
"Embarque","CB","CHIPRE","201","23/03/2025 01:20","3","2025","3/23/2925 1:29","2025",""," Carpas (Cyprinus spp., Carassius spp., Ctenopharyngodon idellus, Hypophthalmichthys spp., Cirrhinus spp., Mylopharyngodon piceus, Catla catla, Labeo spp., Osteochilus hasselti, Leptobarbus hoeveni, Megalobrama spp.)","GRANEL SÓLIDO","Copolímero de tereftalato de dimetila, cicloexanodimetanol e etilenoglicol "
"Desembarque","CB","CHRISTMAS, ILHA (NAVIDAD)","101","17/03/2025 09:40","3","2025","3/17/2925 9:40","2025","","Para reprodução ","GRANEL LÍQUIDO","Outros "
"Desembarque","CB","CINGAPURA","101","17/03/2025 09:40","3","2025","3/17/2925 9:40","2025","","Outras ","GRANEL LÍQUIDO","Poliamidas em formas primárias."
"Desembarque","CB","COCOS (KEELINGS)","101","17/03/2025 09:40","3","2025","3/17/2925 9:40","2025",""," Atunsazuis (atuns) (Thunnus thynnus, Thunnus orientalis)","GRANEL LÍQUIDO","- Poliamida-6, -11, -12, -6,6, -6,9, -6,10 ou -6,12"
"Desembarque","CB","COLOMBIA","101","17/03/2025 09:40","3","2025","3/17/2925 9:40","2025","","Para reprodução ","GRANEL LÍQUIDO","Nas formas previstas na Nota 6 a) deste Capítulo"
"Embarque","CB","COMORES","202","16/04/2025 13:25","4","2025","11/16/2925 13:25","2025","","Outras ","GRANEL SÓLIDO","Poliamida-11 "
"Embarque","CB","CONGO","202","16/04/2025 13:25","4","2025","11/16/2925 13:25","2025",""," Atumazul do sul (atum) (Thunnus maccoyii)","GRANEL SÓLIDO","Poliamida-12 "
"Embarque","CB","COOK","202","16/04/2025 13:25","4","2025","11/16/2925 13:25","2025","","Para reprodução ","GRANEL SÓLIDO","Poliamida-6 ou poliamida-6,6, com carga "
"Embarque","CB","COREIA DO NORTE","102","4/10/2025 20:57","4","2025","374476.24791667","2025","","Outros ","GRANEL LÍQUIDO","Poliamida-6 ou poliamida-6,6, sem carga "
"Desembarque","LC","COREIA DO SUL","201","21/02/2025 05:45","2","2025","2/21/2925 5:55","2025",""," Outros","GRANEL SÓLIDO","Outras "
"Desembarque","LC","COSTA DO MARFIM","201","2/15/2025 16:45","2","2025","2/15/2925 16:55","2025","","Para reprodução","GRANEL SÓLIDO","Nas formas previstas na Nota 6 b) deste Capítulo"
"Desembarque","LC","COSTA RICA","201","2/15/2025 16:45","2","2025","2/15/2925 16:55","2025","","Tilápias (Tilapia spp., Oreochromis spp., Sarotherodon spp., Danakilia spp.; seus híbridos) ","GRANEL SÓLIDO","Poliamida-11 "
"Desembarque","LC","CROACIA","201","2/15/2025 16:45","2","2025","2/15/2925 16:55","2025","","Esturjões (Acipenser baerii, Acipenser gueldenstaedtii, Acipenser persicus, Acipenser stellatus) ","GRANEL SÓLIDO","Poliamida-12 "
"Desembarque","LC","CUBA","201","2/15/2025 16:45","2","2025","2/15/2925 16:55","2025","","Outros ","GRANEL SÓLIDO","Poliamida-6 ou poliamida-6,6, com carga "
"Embarque","CB","CURACAO","202","23/02/2025 02:20","2","2025","2/23/2925 2:29","2025","","Outros","GRANEL SÓLIDO","Poliamida-6, sem carga "
"Desembarque","CB","DINAMARCA","202","2/10/2025 3:15","2","2025","2/8/2925 3:15","2025","","Tilápias (Tilapia spp., Oreochromis spp., Sarotherodon spp., Danakilia spp.; seus híbridos) ","GRANEL SÓLIDO","Poliamida-6,6, sem carga "
"Desembarque","LC","DJIBUTI","201","2/24/2025 10:20","2","2025","2/24/2925 8:29","2025","","Esturjões (Acipenser baerii, Acipenser gueldenstaedtii, Acipenser persicus, Acipenser stellatus) ","GRANEL SÓLIDO","Outras "
"Desembarque","LC","DOMINICA","201","2/24/2025 10:20","2","2025","2/24/2925 8:29","2025","","Outros ","GRANEL SÓLIDO","- Outras"
"Desembarque","CB","EGITO","201","01/03/2025 01:25","3","2025","3/1/2925 1:25","2025","","Peixes frescos ou refrigerados, exceto os filés (filetes) de peixes e outra carne de peixes da posição 03.04.","GRANEL SÓLIDO","Copolímero de lauril-lactama "
"Desembarque","CB","EL SALVADOR","201","01/03/2025 01:25","3","2025","3/1/2925 1:25","2025",""," Salmonídeos, exceto subprodutos comestíveis de peixes das subposições 0302.91 a 0302.99","GRANEL SÓLIDO","Obtidas por condensação de ácidos graxos (gordos) dimerizados ou trimerizados com etilenaminas"
"Desembarque","CB","EMIRADOS ARABES UNIDOS","201","01/03/2025 01:25","3","2025","3/1/2925 1:25","2025",""," Trutas (Salmo trutta, Oncorhynchus mykiss, Oncorhynchus clarki, Oncorhynchus aguabonita, Oncorhynchus gilae, Oncorhynchus apache e Oncorhynchus chrysogaster) ","GRANEL SÓLIDO","Outras "
"Embarque","CB","EQUADOR","301","27/02/2025 11:20","2","2025","2/27/2925 11:29","2025",""," Salmõesdopacífico (Oncorhynchus nerka, Oncorhynchus gorbuscha, Oncorhynchus keta, Oncorhynchus tschawytscha, Oncorhynchus kisutch, Oncorhynchus masou e Oncorhynchus rhodurus) ","GRANEL SÓLIDO","Resinas amínicas, resinas fenólicas e poliuretanos, em formas primárias."
"Embarque","CB","ERITREIA","202","3/6/2025 23:35","3","2025","3/3/2925 23:35","2025",""," Salmãodoatlântico (Salmo salar) e salmãododanúbio (Hucho hucho) ","GRANEL SÓLIDO","- Resinas ureicas; resinas de tioureia "
"Embarque","CB","ESLOVAQUIA","202","3/6/2025 23:35","3","2025","3/3/2925 23:35","2025",""," Outros ","GRANEL SÓLIDO","- Resinas melamínicas"
"Embarque","CB","ESLOVENIA","202","3/6/2025 23:35","3","2025","3/3/2925 23:35","2025",""," Peixes chatos (Pleuronectidae, Bothidae, Cynoglossidae, Soleidae, Scophthalmidae e Citharidae), exceto subprodutos comestíveis de peixes das subposições 0302.91 a 0302.99","GRANEL SÓLIDO","Com carga"
"Desembarque","LC","ESPANHA","201","24/03/2025 16:55","3","2025","3/24/2925 16:55","2025",""," Linguadosgigantes (Alabotes*) (Reinhardtius hippoglossoides, Hippoglossus hippoglossus, Hippoglossus stenolepis) ","GRANEL SÓLIDO","Melamina-formaldeído, em pó "
"Desembarque","LC","ESTADOS UNIDOS","201","24/03/2025 16:55","3","2025","3/24/2925 16:55","2025",""," Solha (Pleuronectes platessa) ","GRANEL SÓLIDO","Outras "
"Desembarque","LC","ESTONIA","201","24/03/2025 16:55","3","2025","3/24/2925 16:55","2025",""," Linguados (Solea spp.) ","GRANEL SÓLIDO","Sem carga"
"Desembarque","LC","ESWATINI (ANTIGA SUAZILANDIA","201","24/03/2025 16:55","3","2025","3/24/2925 16:55","2025",""," Pregado (Psetta maxima) ","GRANEL SÓLIDO","Melamina-formaldeído, em pó "
"Embarque","CB","ETIOPIA","202","03/03/2025 08:15","3","2025","3/3/2925 8:15","2025",""," Outros ","GRANEL SÓLIDO","Outras "
"Embarque","CB","FALKLAND (MALVINAS)","202","03/03/2025 08:15","3","2025","3/3/2925 8:15","2025",""," Atuns (do gênero Thunnus), bonitolistrado (gaiado*) (Katsuwonus pelamis), exceto subprodutos comestíveis de peixes das subposições 0302.91 a 0302.99","GRANEL SÓLIDO","- Outras resinas amínicas:"
"Embarque","CB","FAROE","202","03/03/2025 08:15","3","2025","3/3/2925 8:15","2025",""," Albacorabranca (atum) (Thunnus alalunga) ","GRANEL SÓLIDO","-- Poli(isocianato de fenil metileno) (MDI bruto, MDI polimérico) "
"Embarque","CB","FIJI","202","03/03/2025 08:15","3","2025","3/3/2925 8:15","2025",""," Albacoralaje (atum) (Thunnus albacares) ","GRANEL SÓLIDO","-- Outras "
"Embarque","CB","FILIPINAS","202","03/03/2025 08:15","3","2025","3/3/2925 8:15","2025",""," Bonitolistrado (Gaiado*) (Katsuwonus pelamis) ","GRANEL SÓLIDO","- Resinas fenólicas"
"Embarque","CB","FINLANDIA","202","25/02/2025 00:50","2","2025","2/25/2925 4:50","2025",""," Albacorabandolim (atum) (Thunnus obesus) ","GRANEL SÓLIDO","Lipossolúveis, puras ou modificadas"
"Embarque","CB","FRANCA","202","25/02/2025 00:50","2","2025","2/25/2925 4:50","2025",""," Atunsazuis (atuns) (Thunnus thynnus, Thunnus orientalis) ","GRANEL SÓLIDO","Fenol-formaldeído "
"Embarque","CB","GABAO","202","25/02/2025 00:50","2","2025","2/25/2925 4:50","2025",""," Atumazul do sul (atum) (Thunnus maccoyii) ","GRANEL SÓLIDO","Outras "
"Embarque","CB","GAMBIA","202","25/02/2025 00:50","2","2025","2/25/2925 4:50","2025",""," Outros ","GRANEL SÓLIDO","Outras"
"Embarque","CB","GANA","202","25/02/2025 00:50","2","2025","2/25/2925 4:50","2025",""," Arenques (Clupea harengus, Clupea pallasii), anchovas (biqueirões*) (Engraulis spp.), sardinhas (Sardina pilchardus, Sardinops spp., Sardinella spp.) (sardinha (Sardina pilchardus) e sardinelas (Sardinops spp., Sardinella spp.)*), anchoveta (espadilha*) (Sprattus sprattus), cavalinhas (sardas e cavalas*) (Scomber scombrus, Scomber australasicus, Scomber japonicus), cavalasdoíndico (Rastrelliger spp.), serras (Scomberomorus spp.), carapaus (Trachurus spp.), xaréus (Caranx spp.), bijupirá (cobia*) (Rachycentron canadum), pamposprateado (Pampus spp.), agulhãodojapão (Cololabis saira), charros (Decapterus spp.), capelim (Mallotus villosus), espadarte (Xiphias gladius), mermaoriental (Euthynnus affinis), bonitos (Sarda spp.), espadins, marlins, veleiros (Istiophoridae), exceto subprodutos comestíveis de peixes das subposições 0302.91 a 0302.99","GRANEL SÓLIDO","Fenol-formaldeído "
"Desembarque","LC","GEORGIA","202","3/2/2025 5:23","3","2025","3/2/2925 5:23","2025",""," Arenques (Clupea harengus, Clupea pallasii) ","GRANEL SÓLIDO","Outras "
"Desembarque","LC","GIBRALTAR","202","3/2/2025 5:23","3","2025","3/2/2925 5:23","2025",""," Anchovas (Biqueirões*) (Engraulis spp.)","GRANEL SÓLIDO","- Poliuretanos"
"Desembarque","LC","GRANADA","202","3/2/2025 5:23","3","2025","3/2/2925 5:23","2025","","Anchoita (Engraulis anchoita) ","GRANEL SÓLIDO","Nas formas previstas na Nota 6 a) deste Capítulo"
"Desembarque","CB","GRECIA","202","26/02/2025 21:40","2","2025","2/26/2925 21:40","2025","","Outros ","GRANEL SÓLIDO","Soluções em solventes orgânicos "
"Desembarque","CB","GROENLANDIA","202","26/02/2025 21:40","2","2025","2/26/2925 21:40","2025",""," Sardinhas (Sardina pilchardus, Sardinops spp., Sardinella spp.) (Sardinha (Sardina pilchardus) e sardinelas (Sardinops spp., Sardinella spp.)*), anchoveta (espadilha*) (Sprattus sprattus) ","GRANEL SÓLIDO","Em dispersão aquosa "
"Desembarque","LC","GUADALUPE","202","26/02/2025 21:40","2","2025","2/26/2925 21:40","2025",""," Cavalinhas (Sardas e cavalas*) (Scomber scombrus, Scomber australasicus, Scomber japonicus) ","GRANEL SÓLIDO","Outros "
"Embarque","CB","GUAM","201","21/03/2025 07:25","3","2025","3/21/2925 7:25","2025",""," Carapaus (Trachurus spp.) ","GRANEL SÓLIDO","Nas formas previstas na Nota 6 b) deste Capítulo"
"Embarque","CB","GUATEMALA","201","21/03/2025 07:25","3","2025","3/21/2925 7:25","2025",""," Bijupirá (Cobia*) (Rachycentron canadum) ","GRANEL SÓLIDO","Hidroxilados, com propriedades adesivas "
"Embarque","LC","GUERNSEY, ILHA DO CANAL (INCLUI ALDERNEY E SARK)","201","11/03/2025 01:30","3","2025","3/11/2925 1:31","2025",""," Espadarte (Xiphias gladius) ","GRANEL SÓLIDO","Outros "
"Desembarque","LC","GUIANA","201","11/03/2025 01:30","3","2025","3/11/2925 1:31","2025",""," Outros","GRANEL SÓLIDO","Silicones em formas primárias."
"Desembarque","LC","GUIANA FRANCESA","201","11/03/2025 01:30","3","2025","3/11/2925 1:31","2025","","Espadins, marlins, veleiros (Istiophoridae) ","GRANEL SÓLIDO","Óleos"
"Desembarque","LC","GUINE","201","11/03/2025 01:30","3","2025","3/11/2925 1:31","2025","","Outros ","GRANEL SÓLIDO","Misturas de pré-polímeros lineares e cíclicos, obtidos por hidrólise de dimetildiclorosilano, de peso molecular médio inferior ou igual a 8.800 "
"Desembarque","LC","GUINE-BISSAU","201","11/03/2025 01:30","3","2025","3/11/2925 1:31","2025",""," Peixes das famílias Bregmacerotidae, Euclichthyidae, Gadidae, Macrouridae, Melanonidae, Merlucciidae, Moridae e Muraenolepididae, exceto subprodutos comestíveis de peixes das subposições 0302.91 a 0302.99C253","GRANEL SÓLIDO","Polidimetilsiloxano, polimetilidrogenosiloxano ou misturas destes produtos, em dispersão "
"Desembarque","LC","GUINE-EQUATORIAL","201","11/03/2025 01:30","3","2025","3/11/2925 1:31","2025",""," Bacalhaudoatlântico (Gadus morhua), bacalhaudagroelândia (Gadus ogac) e bacalhaudopacífico (Gadus macrocephalus) ","GRANEL SÓLIDO","Copolímeros de dimetilsiloxano com compostos vinílicos, de viscosidade igual ou superior a 1.000.000 cSt "
"Desembarque","LC","HAITI","201","11/03/2025 01:30","3","2025","3/11/2925 1:31","2025",""," Hadoque (Arinca*) (Melanogrammus aeglefinus) ","GRANEL SÓLIDO","Outros "
"Desembarque","LC","HOLANDA (PAISES BAIXOS)","201","11/03/2025 01:30","3","2025","3/11/2925 1:31","2025",""," Saithe (Escamudo*) (Pollachius virens) ","GRANEL SÓLIDO","Elastômeros"
"Embarque","CB","HONDURAS","301","06/03/2025 05:45","3","2025","3/3/2925 5:55","2025",""," Merluzas (Pescadas*) e abróteas (Merluccius spp., Urophycis spp.) ","GRANEL SÓLIDO","De vulcanização a quente "
"Desembarque","CB","HONG KONG","301","02/03/2025 11:25","3","2025","3/2/2925 11:25","2025",""," Polacadoalasca (Escamudodoalasca*) (Theragra chalcogramma) ","GRANEL SÓLIDO","Outros "
"Desembarque","CB","HUNGRIA","301","02/03/2025 11:25","3","2025","3/2/2925 11:25","2025",""," Verdinhos (Micromesistius poutassou, Micromesistius australis) ","GRANEL SÓLIDO","Resinas "
"Desembarque","CB","IEMEN","301","02/03/2025 11:25","3","2025","3/2/2925 11:25","2025",""," Outros ","GRANEL SÓLIDO","Outros "
"Desembarque","LC","INDIA","301","11/03/2025 15:30","3","2025","3/11/2925 15:31","2025",""," Tilápias (Oreochromis spp.), bagres (peixesgato*) (Pangasius spp., Silurus spp., Clarias spp., Ictalurus spp.), carpas (Cyprinus spp., Carassius spp., Ctenopharyngodon idellus, Hypophthalmichthys spp., Cirrhinus spp., Mylopharyngodon piceus, Catla catla, Labeo spp., Osteochilus hasselti, Leptobarbus hoeveni, Megalobrama spp.), enguias (Anguilla spp.), percadonilo (Lates niloticus) e peixes cabeçade serpente (Channa spp.), exceto subprodutos comestíveis de peixes das subposições 0302.91 a 0302.99","GRANEL SÓLIDO","Resinas de petróleo, resinas de cumarona-indeno, politerpenos, polissulfetos, polissulfonas e outros produtos mencionados na Nota 3 do presente Capítulo, não especificados nem compreendidos noutras posições, em formas primárias."
"Desembarque","LC","INDONESIA","202","01/03/2025 13:00","3","2025","3/1/2925 13:04","2025",""," Tilápias (Oreochromis spp.) ","GRANEL SÓLIDO","- Resinas de petróleo, resinas de cumarona, resinas de indeno, resinas de cumarona-indeno e politerpenos"
"Embarque","LC","IRA","202","01/03/2025 13:00","3","2025","3/1/2925 13:04","2025",""," Bagres (Peixesgato*) (Pangasius spp., Silurus spp., Clarias spp., Ictalurus spp.)","GRANEL SÓLIDO","Com carga "
"Embarque","CB","IRAQUE","102","3/23/2025 7:50","3","2025","3/23/2925 7:50","2025","","Bagre americano (Ictalurus punctatus) ","GRANEL LÍQUIDO","Sem carga"
"Embarque","CB","IRLANDA","102","3/23/2025 7:50","3","2025","3/23/2925 7:50","2025","","Outros ","GRANEL LÍQUIDO","Resinas de petróleo, total ou parcialmente hidrogenadas, de Cor Gardner inferior a 3, segundo Norma ASTM D 1544 "
"Embarque","CB","ISLANDIA","102","3/23/2025 7:50","3","2025","3/23/2925 7:50","2025",""," Carpas (Cyprinus spp., Carassius spp., Ctenopharyngodon idellus, Hypophthalmichthys spp., Cirrhinus spp., Mylopharyngodon piceus, Catla catla, Labeo spp., Osteochilus hasselti, Leptobarbus hoeveni, Megalobrama spp.) ","GRANEL LÍQUIDO","Outros "
"Embarque","CB","ISRAEL","102","3/23/2025 7:50","3","2025","3/23/2925 7:50","2025",""," Enguias (Anguilla spp.) ","GRANEL LÍQUIDO","- Poli(1,3-fenileno metilfosfonato) "
"Desembarque","CB","ITALIA","201","3/9/2025 23:30","3","2025","3/9/2925 23:31","2025",""," Outros ","GRANEL SÓLIDO","- Outros"
"Desembarque","CB","JAMAICA","201","3/9/2025 23:30","3","2025","3/9/2925 23:31","2025",""," Outros peixes, exceto subprodutos comestíveis de peixes das subposições 0302.91 a 0302.99","GRANEL SÓLIDO","Com carga"
"Embarque","LC","JAPAO","101","03/03/2025 16:45","3","2025","3/3/2925 16:55","2025",""," Cação e outros tubarões ","GRANEL LÍQUIDO","Politerpenos modificados quimicamente, exceto com fenóis "
"Embarque","CB","JERSEY, ILHA DO CANAL","101","14/03/2025 08:30","3","2025","3/22/2925 8:31","2025",""," Raias (Rajidae) ","GRANEL LÍQUIDO","Polieterimidas (PEI) e seus copolímeros "
"Embarque","CB","JOHNSTON","101","14/03/2025 08:30","3","2025","3/22/2925 8:31","2025",""," Merluza negra e merluza antártica (Marlongas*) (Dissostichus spp.)","GRANEL LÍQUIDO","Polietersulfonas (PES) e seus copolímeros "
"Desembarque","CB","JORDANIA","201","17/03/2025 03:00","3","2025","3/17/2925 3:04","2025","","Merluza negra (Dissostichus eleginoides) ","GRANEL SÓLIDO","Poli(sulfeto de fenileno) "
"Desembarque","CB","KIRIBATI","201","17/03/2025 03:00","3","2025","3/17/2925 3:04","2025","","Merluza antártica (Dissostichus mawsoni) ","GRANEL SÓLIDO","Outros "
"Desembarque","CB","KUWEIT","201","14/03/2025 23:40","3","2025","3/22/2925 23:40","2025",""," Robalos (Dicentrarchus spp.) ","GRANEL SÓLIDO","Sem carga"
"Embarque","CB","LAOS","201","20/03/2025 09:40","3","2025","3/29/2925 9:40","2025",""," Esparídeos (Sparidae) ","GRANEL SÓLIDO","Politerpenos modificados quimicamente, exceto com fenóis "
"Embarque","CB","LESOTO","201","20/03/2025 09:40","3","2025","3/29/2925 9:40","2025",""," Outros","GRANEL SÓLIDO","Poli(sulfeto de fenileno) "
"Embarque","LC","LETONIA","101","3/23/2025 23:20","3","2025","3/23/2925 23:29","2025","","Pargo (Lutjanus purpureus) ","GRANEL LÍQUIDO","Polietilenaminas "
"Embarque","CB","LIBANO","202","3/14/2025 15:23","3","2025","3/22/2925 15:23","2025","","Chernepoveiro (Polyprion americanus), garoupas (Acanthistius spp.), esturjão (Acipenser baerii) e
peixesrei (Atherina spp.)","GRANEL SÓLIDO","Polieterimidas (PEI) e seus copolímeros "
"Embarque","CB","LIBERIA","202","3/14/2025 15:23","3","2025","3/22/2925 15:23","2025","","Chernepoveiro (Polyprion americanus) ","GRANEL SÓLIDO","Polietersulfonas (PES) e seus copolímeros "
"Embarque","CB","LIBIA","301","3/10/2025 16:00","3","2025","3/8/2925 16:04","2025","","Garoupas (Acanthistius spp.) ","GRANEL SÓLIDO","Polissulfonas "
"Embarque","CB","LIECHTENSTEIN","301","16/03/2025 04:40","3","2025","3/16/2925 11:40","2025","","Esturjão (Acipenser baerii) ","GRANEL SÓLIDO","Cloreto de hexadimetrina "
"Embarque","CB","LITUANIA","202","24/03/2025 02:55","3","2025","3/24/2925 2:55","2025","","Peixesrei (Atherina spp.) ","GRANEL SÓLIDO","Outros "
"Embarque","CB","LUXEMBURGO","202","24/03/2025 02:55","3","2025","3/24/2925 2:55","2025","","Curimatãs (Prochilodus spp.), tilápias (Tilapia spp., Sarotherodon spp., Danakilia spp.; seus híbridos), surubins (Pseudoplatystoma spp.), traíra (Hoplias malabaricus & H. cf. lacerdae), piaus (Leporinus spp.), tainhas (Mugil spp.), pirarucu (Arapaima gigas) e pescadas (Cynoscion spp.)","GRANEL SÓLIDO","Celulose e seus derivados químicos, não especificados nem compreendidos noutras posições, em formas primárias."
"Embarque","LC","MACAU","101","20/03/2025 08:17","3","2025","3/29/2925 8:17","2025","","Curimatãs (Prochilodus spp.) ","GRANEL LÍQUIDO","- Acetatos de celulose:"
"Embarque","CB","MACEDONIA DO NORTE","202","16/03/2025 13:25","3","2025","3/16/2925 13:25","2025","","Tilápias (Tilapia spp., Sarotherodon spp., Danakilia spp.; seus híbridos) ","GRANEL SÓLIDO","-- Não plastificados"
"Embarque","CB","MADAGASCAR","301","3/15/2025 13:35","3","2025","3/15/2925 13:35","2025","","Surubins (Pseudoplatystoma spp.) ","GRANEL SÓLIDO","Com carga "
"Embarque","CB","MADEIRA","301","3/15/2025 13:35","3","2025","3/15/2925 13:35","2025","","Traíra (Hoplias malabaricus & H. cf. lacerdae) ","GRANEL SÓLIDO","Sem carga "
"Desembarque","CB","MALASIA","301","23/03/2025 20:45","3","2025","374558.24658414","2025","","Piaus (Leporinus spp.) ","GRANEL SÓLIDO","-- Plastificados "
"Desembarque","CB","MALAVI","301","23/03/2025 20:45","3","2025","374558.24658414","2025","","Tainhas (Mugil spp.) ","GRANEL SÓLIDO","- Nitratos de celulose (incluindo os colódios)"
"Desembarque","LC","MALDIVAS","301","3/10/2025 8:30","3","2025","3/8/2925 8:31","2025","","Pirarucu (Arapaima gigas) ","GRANEL SÓLIDO","Com carga "
"Desembarque","LC","MALI","301","3/10/2025 8:30","3","2025","3/8/2925 8:31","2025","","Pescadas (Cynoscion spp.) ","GRANEL SÓLIDO","Sem carga"
"Embarque","CB","MALTA","301","04/04/2025 13:00","4","2025","11/11/2925 13:04","2025","","Piramutaba (Brachyplatystoma vaillantii), dourada (Brachyplatystoma flavicans), pacu (Piaractus mesopotamicus), tambaqui (Colossoma macropomum) e tambacu (híbrido de tambaqui e pacu)","GRANEL SÓLIDO","Em álcool, com um teor de não voláteis igual ou superior a 65 %, em peso "
"Embarque","CB","MAN, ILHA DE","102","23/03/2025 08:58","3","2025","3/23/2925 8:58","2025","","Piramutaba (Brachyplatystoma vaillantii) ","GRANEL LÍQUIDO","Outros "
"Embarque","CB","MARIANAS DO NORTE","102","23/03/2025 08:58","3","2025","3/23/2925 8:58","2025","","Dourada (Brachyplatystoma flavicans) ","GRANEL LÍQUIDO","- Éteres de celulose:"
"Embarque","CB","MARROCOS","102","23/03/2025 08:58","3","2025","3/23/2925 8:58","2025","","Pacu (Piaractus mesopotamicus) ","GRANEL LÍQUIDO","-- Carboximetilcelulose e seus sais"
"Embarque","CB","MARSHALL, ILHAS","102","23/03/2025 08:58","3","2025","3/23/2925 8:58","2025","","Tambaqui (Colossoma macropomum) ","GRANEL LÍQUIDO","Carboximetilcelulose"
"Embarque","LC","MARTINICA","202","26/03/2025 17:15","3","2025","3/26/2925 17:15","2025","","Tambacu (híbrido de tambaqui e pacu) ","GRANEL SÓLIDO","Com um teor de carboximetilcelulose igual ou superior a 75 %, em peso "
"Embarque","LC","MAURICIO","202","26/03/2025 17:15","3","2025","3/26/2925 17:15","2025","","Outros ","GRANEL SÓLIDO","Outros "
"Embarque","CB","MAURITANIA","202","21/03/2025 00:45","3","2025","3/21/2925 4:55","2025",""," Fígados, ovas, gônadas masculinas, barbatanas, cabeças, caudas, bexigasnatatórias e outros subprodutos comestíveis de peixes","GRANEL SÓLIDO","Sais"
"Embarque","CB","MEXICO","202","21/03/2025 00:45","3","2025","3/21/2925 4:55","2025",""," Fígados, ovas e gônadas masculinas ","GRANEL SÓLIDO","Com um teor de sais igual ou superior a 75 %, em peso "
"Embarque","CB","MIANMAR","202","21/03/2025 00:45","3","2025","3/21/2925 4:55","2025","","       Ovas de tainhas (Mugil spp.)","GRANEL SÓLIDO","Outros "
"Embarque","CB","MICRONESIA","202","21/03/2025 00:45","3","2025","3/21/2925 4:55","2025","","       Outros","GRANEL SÓLIDO","-- Outros"
"Embarque","CB","MIDWAY","202","21/03/2025 00:45","3","2025","3/21/2925 4:55","2025",""," Barbatanas de tubarão ","GRANEL SÓLIDO","Metil-, etil- e propilcelulose, hidroxiladas "
"Embarque","LC","MOCAMBIQUE","202","30/03/2025 07:15","3","2025","3/31/2925 7:15","2025",""," Outros ","GRANEL SÓLIDO","Outras metilceluloses "
"Embarque","LC","MOLDAVIA","202","30/03/2025 07:15","3","2025","3/31/2925 7:15","2025","","Peixes congelados, exceto os filés (filetes) de peixes e outra carne de peixes da posição 03.04.","GRANEL SÓLIDO","Outras etilceluloses "
"Embarque","LC","MONACO","202","30/03/2025 07:15","3","2025","3/31/2925 7:15","2025",""," Salmonídeos, exceto subprodutos comestíveis de peixes das subposições 0303.91 a 0303.99","GRANEL SÓLIDO","Outros "
"Embarque","CB","MONGOLIA","101","06/04/2025 15:35","4","2025","11/3/2925 15:35","2025",""," Salmãodopacífico (salmãovermelho) (Oncorhynchus nerka) ","GRANEL LÍQUIDO","- Outros"
"Embarque","CB","MONTENEGRO","101","06/04/2025 15:35","4","2025","11/3/2925 15:35","2025",""," Outros salmõesdopacífico (Oncorhynchus gorbuscha, Oncorhynchus keta, Oncorhynchus tschawytscha, Oncorhynchus kisutch, Oncorhynchus masou e Oncorhynchus rhodurus) ","GRANEL LÍQUIDO","Propionato de celulose "
"Embarque","CB","MONTSERRAT","101","06/04/2025 15:35","4","2025","11/3/2925 15:35","2025",""," Salmãodoatlântico (Salmo salar) e salmãododanúbio (Hucho hucho) ","GRANEL LÍQUIDO","Acetobutanoato de celulose "
"Embarque","CB","NAMIBIA","101","06/04/2025 15:35","4","2025","11/3/2925 15:35","2025",""," Trutas (Salmo trutta, Oncorhynchus mykiss, Oncorhynchus clarki, Oncorhynchus aguabonita, Oncorhynchus gilae, Oncorhynchus apache e Oncorhynchus chrysogaster) ","GRANEL LÍQUIDO","Celulose microcristalina"
"Embarque","CB","NAURU","101","06/04/2025 15:35","4","2025","11/3/2925 15:35","2025",""," Outros ","GRANEL LÍQUIDO","Em pó "
"Embarque","CB","NEPAL","101","06/04/2025 15:35","4","2025","11/3/2925 15:35","2025",""," Tilápias (Oreochromis spp.), bagres (peixesgato*) (Pangasius spp., Silurus spp., Clarias spp., Ictalurus spp.), carpas (Cyprinus spp., Carassius spp., Ctenopharyngodon idellus, Hypophthalmichthys spp., Cirrhinus spp., Mylopharyngodon piceus, Catla catla, Labeo spp., Osteochilus hasselti, Leptobarbus hoeveni, Megalobrama spp.), enguias (Anguilla spp.), percadonilo (Lates niloticus) e peixes cabeçade serpente (Channa spp.), exceto subprodutos comestíveis de peixes das subposições 0303.91 a 0303.99","GRANEL LÍQUIDO","Outras "
"Desembarque","LC","NICARAGUA","201","26/03/2025 17:45","3","2025","3/26/2925 17:55","2025",""," Tilápias (Oreochromis spp.) ","GRANEL SÓLIDO","Outras celuloses, em pó "
"Desembarque","LC","NIGER","201","26/03/2025 17:45","3","2025","3/26/2925 17:55","2025",""," Bagres (Peixesgato*) (Pangasius spp., Silurus spp., Clarias spp., Ictalurus spp.)","GRANEL SÓLIDO","Outros "
"Desembarque","LC","NIGERIA","201","26/03/2025 17:45","3","2025","3/26/2925 17:55","2025","","Bagre americano (Ictalurus punctatus) ","GRANEL SÓLIDO","Polímeros naturais (ácido algínico, por exemplo) e polímeros naturais modificados (por exemplo, proteínas endurecidas, derivados químicos da borracha natural), não especificados nem compreendidos noutras posições, em formas primárias."
"Desembarque","LC","NIUE","201","26/03/2025 17:45","3","2025","3/26/2925 17:55","2025","","Outros ","GRANEL SÓLIDO","- Ácido algínico, seus sais e seus ésteres "
"Desembarque","LC","NORFOLK, ILHA","301","28/03/2025 07:25","3","2025","3/16/2925 7:25","2025",""," Carpas (Cyprinus spp., Carassius spp., Ctenopharyngodon idellus, Hypophthalmichthys spp., Cirrhinus spp., Mylopharyngodon piceus, Catla catla, Labeo spp., Osteochilus hasselti, Leptobarbus hoeveni, Megalobrama spp.) ","GRANEL SÓLIDO","- Outros"
"Desembarque","LC","NORUEGA","301","28/03/2025 07:25","3","2025","3/16/2925 7:25","2025",""," Enguias (Anguilla spp.) ","GRANEL SÓLIDO","Derivados químicos da borracha natural"
"Embarque","CB","NOVA CALEDONIA","301","26/03/2025 14:20","3","2025","3/26/2925 22:29","2025",""," Outros ","GRANEL SÓLIDO","Borracha clorada ou cloridratada, nas formas previstas na Nota 6 b) deste Capítulo "
"Desembarque","CB","NOVA ZELANDIA","201","28/03/2025 09:15","3","2025","3/16/2925 9:15","2025",""," Peixes chatos (Pleuronectidae, Bothidae, Cynoglossidae, Soleidae, Scophthalmidae e Citharidae), exceto subprodutos comestíveis de peixes das subposições 0303.91 a 0303.99","GRANEL SÓLIDO","Borracha clorada, noutras formas "
"Desembarque","CB","OMA","201","28/03/2025 09:15","3","2025","3/16/2925 9:15","2025",""," Linguadosgigantes (Alabotes*) (Reinhardtius hippoglossoides, Hippoglossus hippoglossus,
Hippoglossus stenolepis) ","GRANEL SÓLIDO","Outros "
"Desembarque","LC","PACIFICO, ILHAS DO (POSSESSAO DOS EUA)","201","28/03/2025 09:15","3","2025","3/16/2925 9:15","2025",""," Solha (Pleuronectes platessa) ","GRANEL SÓLIDO","Goma xantana "
"Embarque","LC","PALAU","202","11/04/2025 17:00","4","2025","11/11/2925 17:04","2025",""," Linguados (Solea spp.) ","GRANEL SÓLIDO","Dextrana "
"Embarque","LC","PALESTINA","101","3/26/2025 23:50","3","2025","3/26/2925 23:50","2025",""," Pregado (Psetta maxima) ","GRANEL LÍQUIDO","Proteínas endurecidas "
"Embarque","CB","PANAMA","102","4/6/2025 13:23","4","2025","11/3/2925 13:23","2025",""," Outros ","GRANEL LÍQUIDO","Quitosan (Chitosan), seus sais ou seus derivados "
"Embarque","CB","PAPUA NOVA GUINE","102","4/6/2025 13:23","4","2025","11/3/2925 13:23","2025",""," Atuns (do gênero Thunnus), bonitolistrado (gaiado*) (Katsuwonus pelamis), exceto subprodutos comestíveis de peixes das subposições 0303.91 a 0303.99","GRANEL LÍQUIDO","Sulfato de condroitina "
"Embarque","CB","PAQUISTAO","102","4/6/2025 13:23","4","2025","11/3/2925 13:23","2025",""," Albacorabranca (atum) (Thunnus alalunga) ","GRANEL LÍQUIDO","Outros "
"Embarque","CB","PARAGUAI","102","4/6/2025 13:23","4","2025","11/3/2925 13:23","2025",""," Albacoralaje (atum) (Thunnus albacares) ","GRANEL LÍQUIDO","Permutadores de íons à base de polímeros das posições 39.01 a 39.13, em formas primárias."
"Embarque","CB","PERU","102","4/6/2025 13:23","4","2025","11/3/2925 13:23","2025",""," Bonitolistrado (Gaiado*) (Katsuwonus pelamis) ","GRANEL LÍQUIDO","De poliestireno e seus copolímeros"
"Embarque","CB","PITCAIRN","102","4/6/2025 13:23","4","2025","11/3/2925 13:23","2025",""," Albacorabandolim (atum) (Thunnus obesus) ","GRANEL LÍQUIDO","De copolímeros de estireno-divinilbenzeno, sulfonados "
"Embarque","CB","POLINESIA FRANCESA","102","4/6/2025 13:23","4","2025","11/3/2925 13:23","2025",""," Atunsazuis (atuns) (Thunnus thynnus, Thunnus orientalis) ","GRANEL LÍQUIDO","Outros "
"Embarque","CB","POLONIA","101","3/29/2025 10:05","3","2025","3/29/2925 8:05","2025",""," Atumazul do sul (atum) (Thunnus maccoyii) ","GRANEL LÍQUIDO","Outros "
"Embarque","CB","PORTO RICO","101","3/29/2025 10:05","3","2025","3/29/2925 8:05","2025",""," Outros ","GRANEL LÍQUIDO","Desperdícios, resíduos e aparas, de plástico."
"Embarque","CB","PORTUGAL","101","3/29/2025 10:05","3","2025","3/29/2925 8:05","2025",""," Arenques (Clupea harengus, Clupea pallasii), anchovas (biqueirões*) (Engraulis spp.), sardinhas (Sardina pilchardus, Sardinops spp., Sardinella spp.) (sardinha (Sardina pilchardus) e sardinelas (Sardinops spp., Sardinella spp.)*), anchoveta (espadilha*) (Sprattus sprattus), cavalinhas (sardas e cavalas*) (Scomber scombrus, Scomber australasicus, Scomber japonicus), cavalasdoíndico (Rastrelliger spp.), serras (Scomberomorus spp.), carapaus (Trachurus spp.), xaréus (Caranx spp.), bijupirá (cobia*) (Rachycentron canadum), pamposprateado (Pampus spp.), agulhãodojapão (Cololabis saira), charros (Decapterus spp.), capelim (Mallotus villosus), espadarte (Xiphias gladius), mermaoriental (Euthynnus affinis), bonitos (Sarda spp.), espadins, marlins, veleiros (Istiophoridae), exceto subprodutos comestíveis de
peixes das subposições 0303.91 a 0303.99","GRANEL LÍQUIDO","- De polímeros de etileno "
"Embarque","CB","QUENIA","101","3/29/2025 10:05","3","2025","3/29/2925 8:05","2025",""," Arenques (Clupea harengus, Clupea pallasii) ","GRANEL LÍQUIDO","- De polímeros de estireno "
"Embarque","CB","QUIRGUISTAO","102","31/03/2025 14:07","3","2025","3/31/2925 22:07","2025",""," Sardinhas (Sardina pilchardus, Sardinops spp., Sardinella spp.) (Sardinha (Sardina pilchardus) e sardinelas (Sardinops spp., Sardinella spp.)*), anchoveta (espadilha*) (Sprattus sprattus) ","GRANEL LÍQUIDO","- De polímeros de cloreto de vinila "
"Embarque","CB","REINO UNIDO","102","31/03/2025 14:07","3","2025","3/31/2925 22:07","2025",""," Cavalinhas (Sardas e cavalas*) (Scomber scombrus, Scomber australasicus, Scomber japonicus) ","GRANEL LÍQUIDO","- De outro plástico "
"Embarque","CB","REPUBLICA CENTRO-AFRICANA","102","31/03/2025 14:07","3","2025","3/31/2925 22:07","2025",""," Carapaus (Trachurus spp.) ","GRANEL LÍQUIDO","Monofilamentos cuja maior dimensão da seção transversal seja superior a 1 mm (monofios), varas, bastões e perfis, mesmo trabalhados à superfície, mas não trabalhados de outro modo, de plástico."
"Embarque","CB","REPUBLICA DEMOCRATICA DO CONGO","102","31/03/2025 14:07","3","2025","3/31/2925 22:07","2025",""," Bijupirá (Cobia*) (Rachycentron canadum) ","GRANEL LÍQUIDO","- De polímeros de etileno "
"Embarque","CB","REPUBLICA DOMINICANA","102","31/03/2025 14:07","3","2025","3/31/2925 22:07","2025",""," Espadarte (Xiphias gladius) ","GRANEL LÍQUIDO","- De polímeros de cloreto de vinila "
"Embarque","CB","REPUBLICA TCHECA","102","31/03/2025 14:07","3","2025","3/31/2925 22:07","2025",""," Outros","GRANEL LÍQUIDO","Forros de poli(cloreto de vinila) (PVC) utilizados na construção civil"
"Desembarque","LC","REUNIAO","201","31/03/2025 07:25","3","2025","3/31/2925 7:25","2025","","Espadins, marlins, veleiros (Istiophoridae) ","GRANEL SÓLIDO","- De outro plástico"
"Desembarque","LC","AFEGANISTAO","301","03/04/2025 01:00","4","2025","11/3/2925 1:04","2025","","Anchoita (Engraulis anchoita) ","GRANEL SÓLIDO","Monofilamentos "
"Desembarque","LC","AFRICA DO SUL","301","03/04/2025 01:00","4","2025","11/3/2925 1:04","2025","","Outros ","GRANEL SÓLIDO","Outros "
"Embarque","CB","ALBANIA","201","05/04/2025 07:40","4","2025","11/5/2925 7:40","2025",""," Peixes das famílias Bregmacerotidae, Euclichthyidae, Gadidae, Macrouridae, Melanonidae,
Merlucciidae, Moridae e Muraenolepididae, exceto subprodutos comestíveis de peixes das subposições
0303.91 a 0303.99","GRANEL SÓLIDO","Tubos e seus acessórios (por exemplo, juntas, cotovelos, flanges, uniões), de plástico."
"Embarque","CB","ALEMANHA","201","05/04/2025 07:40","4","2025","11/5/2925 7:40","2025",""," Bacalhaudoatlântico (Gadus morhua), bacalhaudagroelândia (Gadus ogac) e bacalhaudopacífico (Gadus macrocephalus) ","GRANEL SÓLIDO","- Tripas artificiais de proteínas endurecidas ou de plástico celulósico"
"Embarque","CB","ANDORRA","201","05/04/2025 07:40","4","2025","11/5/2925 7:40","2025",""," Hadoque (Arinca*) (Melanogrammus aeglefinus) ","GRANEL SÓLIDO","De proteínas endurecidas "
"Embarque","CB","ANGOLA","301","4/10/2025 7:20","4","2025","11/8/2925 7:29","2025",""," Saithe (Escamudo*) (Pollachius virens) ","GRANEL SÓLIDO","De plástico celulósico"
"Desembarque","CB","ANGUILLA","201","02/04/2025 15:30","4","2025","11/2/2925 15:31","2025",""," Merluzas (Pescadas*) e abróteas (Merluccius spp., Urophycis spp.) ","GRANEL SÓLIDO","Fibrosas, de celulose regenerada, de diâmetro igual ou superior a 150 mm "
"Desembarque","CB","ANTIGUA E BARBUDA","201","02/04/2025 15:30","4","2025","11/2/2925 15:31","2025",""," Polacadoalasca (Escamudodoalasca*) (Theragra chalcogramma) ","GRANEL SÓLIDO","Outras "
"Embarque","CB","ANTILHAS HOLANDESAS","202","31/03/2025 21:50","3","2025","3/31/2925 21:50","2025",""," Verdinhos (Micromesistius poutassou, Micromesistius australis) ","GRANEL SÓLIDO","- Tubos rígidos:"
"Embarque","CB","ARABIA SAUDITA","202","4/5/2025 7:40","4","2025","11/5/2925 7:40","2025",""," Outros","GRANEL SÓLIDO","-- De polímeros de etileno "
"Embarque","LC","ARGELIA","201","09/04/2025 11:20","4","2025","11/9/2925 11:29","2025","","Merluza rosada (Macruronus magellanicus) ","GRANEL SÓLIDO","-- De polímeros de propileno"
"Embarque","LC","ARGENTINA","201","09/04/2025 11:20","4","2025","11/9/2925 11:29","2025","","Outros ","GRANEL SÓLIDO","De seção transversal interna redonda de diâmetro inferior a  6 mm e externa hexagonal"
"Desembarque","LC","ARMENIA","201","09/04/2025 11:20","4","2025","11/9/2925 11:29","2025",""," Outros peixes, exceto subprodutos comestíveis de peixes das subposições 0303.91 a 0303.99","GRANEL SÓLIDO","Outros"
"Desembarque","LC","ARUBA","201","09/04/2025 11:20","4","2025","11/9/2925 11:29","2025",""," Cação e outros tubarões","GRANEL SÓLIDO","-- De polímeros de cloreto de vinila "
"Desembarque","LC","AUSTRALIA","201","11/04/2025 04:35","4","2025","11/11/2925 11:35","2025","","Tubarãoazul (Prionace glauca)","GRANEL SÓLIDO","-- De outro plástico "
"Desembarque","LC","AUSTRIA","201","11/04/2025 04:35","4","2025","11/11/2925 11:35","2025","","Inteiro ","GRANEL SÓLIDO","- Outros tubos:"
"Desembarque","LC","AZERBAIDJAO","201","11/04/2025 04:35","4","2025","11/11/2925 11:35","2025","","Eviscerado, sem cabeça e sem barbatanas ","GRANEL SÓLIDO","-- Tubos flexíveis podendo suportar uma pressão de, pelo menos, 27,6 MPa "
"Desembarque","LC","BAHAMAS, ILHAS","201","11/04/2025 04:35","4","2025","11/11/2925 11:35","2025","","Em pedaços, com pele ","GRANEL SÓLIDO","-- Outros, não reforçados com outras matérias, nem associados de outra forma com outras matérias,
sem acessórios"
"Desembarque","LC","BANGLADESH","201","11/04/2025 04:35","4","2025","11/11/2925 11:35","2025","","Em pedaços, sem pele ","GRANEL SÓLIDO","De copolímeros de etileno "
"Embarque","CB","BARBADOS","202","07/04/2025 15:40","4","2025","11/7/2925 15:40","2025","","Outros ","GRANEL SÓLIDO","De polipropileno"
"Embarque","CB","BAREIN","202","07/04/2025 15:40","4","2025","11/7/2925 15:40","2025","","Outros ","GRANEL SÓLIDO","Tubos capilares, semipermeáveis, próprios para hemodiálise ou para oxigenação sanguínea "
"Embarque","CB","BELARUS","202","07/04/2025 15:40","4","2025","11/7/2925 15:40","2025",""," Raias (Rajidae) ","GRANEL SÓLIDO","Outros "
"Embarque","CB","BELGICA","202","07/04/2025 15:40","4","2025","11/7/2925 15:40","2025",""," Merluza negra e merluza antártica (Marlongas*) (Dissostichus spp.)","GRANEL SÓLIDO","De poli(tereftalato de etileno) "
"Desembarque","LC","BELIZE","301","4/8/2025 15:45","4","2025","11/8/2925 15:55","2025","","Merluza negra (Dissostichus eleginoides)","GRANEL SÓLIDO","De silicones "
"Desembarque","LC","BENIN","301","4/8/2025 15:45","4","2025","11/8/2925 15:55","2025","","Evisceradas, sem cabeça e sem cauda ","GRANEL SÓLIDO","De celulose regenerada"
"Desembarque","CB","BERMUDAS","201","13/04/2025 16:25","4","2025","11/13/2925 16:25","2025","","Outras ","GRANEL SÓLIDO","Tubos capilares, semipermeáveis, próprios para hemodiálise "
"Desembarque","CB","BOLIVIA","201","13/04/2025 16:25","4","2025","11/13/2925 16:25","2025","","Merluza antártica (Dissostichus mawsoni)","GRANEL SÓLIDO","Outros "
"Desembarque","CB","BONAIRE, SAINT EUSTATIUS E SABA","201","13/04/2025 16:25","4","2025","11/13/2925 16:25","2025","","Evisceradas, sem cabeça e sem cauda ","GRANEL SÓLIDO","Outros "
"Embarque","CB","BOSNIA-HERZEGOVINA","202","4/23/2025 14:55","4","2025","11/23/2925 22:55","2025","","Outras ","GRANEL SÓLIDO","-- Outros, não reforçados com outras matérias, nem associados de outra forma com outras matérias,
com acessórios "
"Embarque","CB","BOTSUANA","202","4/23/2025 14:55","4","2025","11/23/2925 22:55","2025",""," Robalos (Dicentrarchus spp.) ","GRANEL SÓLIDO","-- Outros "
"Embarque","CB","BOUVET, ILHA","202","4/15/2025 15:40","4","2025","11/15/2925 15:40","2025",""," Outros","GRANEL SÓLIDO","- Acessórios"
"Embarque","CB","BRASIL","202","4/15/2025 15:40","4","2025","11/15/2925 15:40","2025","","Corvina (Micropogonias furnieri) ","GRANEL SÓLIDO","Do tipo utilizado em linhas de sangue para hemodiálise "
"Embarque","CB","BRUNEI","202","4/15/2025 15:40","4","2025","11/15/2925 15:40","2025","","Pescadas (Cynoscion spp.) ","GRANEL SÓLIDO","Outros "
"Embarque","CB","BULGARIA","202","4/15/2025 15:40","4","2025","11/15/2925 15:40","2025","","Pargo (Lutjanus purpureus) e peixesapo (Lophius gastrophysus)","GRANEL SÓLIDO","Revestimentos para pisos (pavimentos), de plástico, mesmo autoadesivos, em rolos ou em forma de ladrilhos ou de placas (lajes); revestimentos para paredes ou para tetos, de plástico, definidos na Nota 9 do presente Capítulo."
"Desembarque","CB","BURKINA FASO","102","4/16/2025 10:27","4","2025","11/16/2925 8:27","2025","","Pargo (Lutjanus purpureus) ","GRANEL LÍQUIDO","- De polímeros de cloreto de vinila "
"Desembarque","CB","BURUNDI","102","4/16/2025 10:27","4","2025","11/16/2925 8:27","2025","","Peixesapo (Lophius gastrophysus) ","GRANEL LÍQUIDO","- De outro plástico "
"Desembarque","CB","BUTAO","102","4/16/2025 10:27","4","2025","11/16/2925 8:27","2025","","Chernepoveiro (Polyprion americanus), garoupas (Acanthistius spp.), tainhas (Mugil spp.), esturjões (Acipenser baerii, Acipenser gueldenstaedtii, Acipenser persicus, Acipenser stellatus), peixesrei (Atherina spp.) e nototenias (Patagonotothen spp.)","GRANEL LÍQUIDO","Chapas, folhas, tiras, fitas, películas e outras formas planas, autoadesivas, de plástico, mesmo em rolos."
"Embarque","CB","CABO VERDE","202","09/04/2025 09:50","4","2025","11/9/2925 9:50","2025","","Chernepoveiro (Polyprion americanus) ","GRANEL SÓLIDO","- Em rolos de largura não superior a 20 cm"
"Desembarque","CB","CAMAROES","201","08/04/2025 13:05","4","2025","11/8/2925 13:05","2025","","Garoupas (Acanthistius spp.) ","GRANEL SÓLIDO","De polipropileno "
"Embarque","CB","CAMBOJA","301","4/7/2025 8:40","4","2025","11/7/2925 8:40","2025","","Tainhas (Mugil spp.) ","GRANEL SÓLIDO","Fitas autoadesivas, em rolos"
"Embarque","CB","CANADA","301","4/7/2025 8:40","4","2025","11/7/2925 8:40","2025","","Esturjões (Acipenser baerii, Acipenser gueldenstaedtii, Acipenser persicus, Acipenser stellatus) ","GRANEL SÓLIDO","De poli(cloreto de vinila) "
"Embarque","CB","CANARIAS","301","4/7/2025 8:40","4","2025","11/7/2925 8:40","2025","","Peixesrei (Atherina spp.) ","GRANEL SÓLIDO","Fitas autoadesivas, em rolos"
"Embarque","CB","CATAR","301","4/7/2025 8:40","4","2025","11/7/2925 8:40","2025","","Nototenias (Patagonotothen spp.) ","GRANEL SÓLIDO","Outras "
"Embarque","CB","CAYMAN","301","4/7/2025 8:40","4","2025","11/7/2925 8:40","2025","","Curimatãs (Prochilodus spp.), tilápias (Tilapia spp., Sarotherodon spp., Danakilia spp.; seus híbridos), surubins (Pseudoplatystoma spp.), traíra (Hoplias malabaricus & H. cf. lacerdae), piaus (Leporinus spp.) e pirarucu (Arapaima gigas)","GRANEL SÓLIDO","- Outras"
"Embarque","CB","CAZAQUISTAO","301","4/7/2025 8:40","4","2025","11/7/2925 8:40","2025","","Curimatãs (Prochilodus spp.) ","GRANEL SÓLIDO","De polipropileno "
"Embarque","CB","CHADE","301","13/04/2025 21:05","4","2025","11/13/2925 21:05","2025","","Tilápias (Tilapia spp., Sarotherodon spp., Danakilia spp.; seus híbridos) ","GRANEL SÓLIDO","De poli(cloreto de vinila) "
"Desembarque","LC","CHILE","301","16/04/2025 00:30","4","2025","11/16/2925 4:31","2025","","Surubins (Pseudoplatystoma spp.) ","GRANEL SÓLIDO","Outras "
"Desembarque","LC","CHINA","301","16/04/2025 00:30","4","2025","11/16/2925 4:31","2025","","Traíra (Hoplias malabaricus & H. cf. lacerdae) ","GRANEL SÓLIDO","Películas autoadesivas"
"Embarque","CB","CHIPRE","201","4/16/2025 11:23","4","2025","11/16/2925 11:23","2025","","Piaus (Leporinus spp.) ","GRANEL SÓLIDO","Outras chapas, folhas, películas, tiras e lâminas, de plástico não alveolar, não reforçadas nem estratificadas, sem suporte, nem associadas de forma semelhante a outras matérias."
"Embarque","CB","CHRISTMAS, ILHA (NAVIDAD)","201","4/16/2025 11:23","4","2025","11/16/2925 11:23","2025","","Pirarucu (Arapaima gigas) ","GRANEL SÓLIDO","- De polímeros de etileno"
"Embarque","CB","CINGAPURA","201","4/16/2025 11:23","4","2025","11/16/2925 11:23","2025","","Piramutaba (Brachyplatystoma vaillantii), dourada (Brachyplatystoma flavicans), pacu (Piaractus mesopotamicus), tambaqui (Colossoma macropomum) e tambacu (híbrido de tambaqui e pacu)","GRANEL SÓLIDO","De densidade igual ou superior a 0,94, espessura inferior ou igual a 19 micrômetros (mícrons), em rolos de largura inferior ou igual a 66 cm "
"Desembarque","CB","COCOS (KEELINGS)","202","13/04/2025 15:05","4","2025","11/13/2925 15:05","2025","","Piramutaba (Brachyplatystoma vaillantii) ","GRANEL SÓLIDO","Outras"
"Desembarque","CB","COLOMBIA","202","13/04/2025 15:05","4","2025","11/13/2925 15:05","2025","","Dourada (Brachyplatystoma flavicans) ","GRANEL SÓLIDO","De densidade inferior a 0,94, com óleo de parafina e carga (sílica e negro de fumo), apresentando nervuras paralelas entre si, com uma resistência elétrica igual ou superior a 0,030 ohms.cm2, mas inferior ou igual a 0,120 ohms.cm2, em rolos, do tipo utilizado para a fabricação de separadores de acumuladores elétricos "
"Embarque","CB","COMORES","102","4/10/2025 20:57","4","2025","374476.24791667","2025","","Pacu (Piaractus mesopotamicus) ","GRANEL LÍQUIDO","Outras "
"Embarque","CB","CONGO","102","4/10/2025 20:57","4","2025","374476.24791667","2025","","Tambaqui (Colossoma macropomum) ","GRANEL LÍQUIDO","- De polímeros de propileno"
"Embarque","CB","COOK","102","4/10/2025 20:57","4","2025","374476.24791667","2025","","Tambacu (híbrido de tambaqui e pacu) ","GRANEL LÍQUIDO","Biaxialmente orientados"
"Embarque","CB","COREIA DO NORTE","102","4/10/2025 20:10","4","2025","374476.21527778","2025","","Outros ","GRANEL LÍQUIDO","De largura inferior ou igual a 12,5 cm e espessura inferior ou igual a 10 micrômetros (mícrons), metalizadas "
"Embarque","CB","COREIA DO SUL","101","21/04/2025 16:28","4","2025","11/21/2925 16:16","2025",""," Fígados, ovas, gônadas masculinas, barbatanas, cabeças, caudas, bexigasnatatórias e outros subprodutos comestíveis de peixes","GRANEL LÍQUIDO","De largura inferior ou igual a 1 m e espessura inferior ou igual a 13 micrômetros (mícrons), com uma ou ambas as faces rugosas de rugosidade relativa (relação entre a espessura média e a máxima) igual ou superior a 6 %, de rigidez dielétrica igual ou superior a 500 V/micrômetro (Norma ASTM D 3755-97), em rolos"
"Embarque","CB","COSTA DO MARFIM","101","21/04/2025 16:28","4","2025","11/21/2925 16:16","2025",""," Fígados, ovas e gônadas masculinas ","GRANEL LÍQUIDO","Outras "
"Desembarque","LC","COSTA RICA","201","4/15/2025 13:05","4","2025","11/15/2925 13:05","2025","","       Ovas de tainhas (Mugil spp.)","GRANEL SÓLIDO","Substrato de polipropileno biaxialmente orientado, recoberto em ambas as faces da folha por camadas de tinta opacificante que propiciam receber as impressões ofsete seco, calcográfica, tipográfica e vernizes de proteção com cura a ultravioleta"
"Embarque","CB","CROACIA","202","20/04/2025 21:20","4","2025","11/29/2925 21:29","2025","","       Outros","GRANEL SÓLIDO","Outras "
"Embarque","CB","CUBA","202","20/04/2025 21:20","4","2025","11/29/2925 21:29","2025",""," Barbatanas de tubarão ","GRANEL SÓLIDO","- De polímeros de estireno "
"Embarque","CB","CURACAO","202","20/04/2025 21:20","4","2025","11/29/2925 21:29","2025",""," Outros","GRANEL SÓLIDO","Laminados rígidos utilizados para revestimento de móveis"
"Embarque","CB","DINAMARCA","202","20/04/2025 21:20","4","2025","11/29/2925 21:29","2025","","Cabeças de Merluza negra (Dissostichus eleginoides) ","GRANEL SÓLIDO","- De polímeros de cloreto de vinila:"
"Embarque","CB","DJIBUTI","102","01/05/2025 17:38","5","2025","5/1/2925 17:38","2025","","Cabeças de Merluza antártica (Dissostichus mawsoni) ","GRANEL LÍQUIDO","-- Que contenham, em peso, pelo menos 6 % de plastificantes"
"Embarque","CB","DOMINICA","102","01/05/2025 17:38","5","2025","5/1/2925 17:38","2025","","Outros ","GRANEL LÍQUIDO","De poli(cloreto de vinila), transparentes, termocontráteis, de espessura inferior ou igual a 250 micrômetros (mícrons) "
"Embarque","CB","EGITO","102","01/05/2025 17:38","5","2025","5/1/2925 17:38","2025","","Filés (filetes) de peixes e outra carne de peixes (mesmo picada), frescos, refrigerados ou congelados.","GRANEL LÍQUIDO","Outras "
"Embarque","CB","EL SALVADOR","101","29/04/2025 09:23","4","2025","11/29/2925 9:23","2025",""," Filés (filetes) de tilápias (Oreochromis spp.), bagres (peixesgato*) (Pangasius spp., Silurus spp., Clarias spp., Ictalurus spp.), carpas (Cyprinus spp., Carassius spp., Ctenopharyngodon idellus, Hypophthalmichthys spp., Cirrhinus spp., Mylopharyngodon piceus, Catla catla, Labeo spp., Osteochilus hasselti, Leptobarbus hoeveni, Megalobrama spp.), enguias (Anguilla spp.), percadonilo (Lates niloticus) e peixes cabeçadeserpente (Channa spp.), frescos ou refrigerados","GRANEL LÍQUIDO","-- Outras "
"Embarque","CB","EMIRADOS ARABES UNIDOS","101","29/04/2025 09:23","4","2025","11/29/2925 9:23","2025",""," Tilápias (Oreochromis spp.) ","GRANEL LÍQUIDO","Laminados rígidos de poli(cloreto de vinila) (PVC) utilizados para revestimento de móveis"
"Embarque","LC","EQUADOR","202","4/24/2025 21:23","4","2025","11/24/2925 21:23","2025",""," Bagres (Peixesgato*) (Pangasius spp., Silurus spp., Clarias spp., Ictalurus spp.)","GRANEL SÓLIDO","- De polímeros acrílicos:"
"Embarque","LC","ERITREIA","202","4/24/2025 21:23","4","2025","11/24/2925 21:23","2025","","Bagre americano (Ictalurus punctatus) ","GRANEL SÓLIDO","-- De poli(metacrilato de metila) "
"Desembarque","LC","ESLOVAQUIA","202","4/24/2025 21:23","4","2025","11/24/2925 21:23","2025","","Outros ","GRANEL SÓLIDO","-- Outras "
"Desembarque","LC","ESLOVENIA","202","4/24/2025 21:23","4","2025","11/24/2925 21:23","2025",""," Percadonilo (Lates niloticus) ","GRANEL SÓLIDO","- De policarbonatos, de resinas alquídicas, de poliésteres alílicos ou de outros poliésteres:"
"Desembarque","LC","ESPANHA","202","4/24/2025 21:23","4","2025","11/24/2925 21:23","2025",""," Outros ","GRANEL SÓLIDO","-- De policarbonatos "
"Desembarque","LC","ESTADOS UNIDOS","202","4/24/2025 21:23","4","2025","11/24/2925 21:23","2025",""," Filés (filetes) de outros peixes, frescos ou refrigerados","GRANEL SÓLIDO","-- De poli(tereftalato de etileno)"
"Embarque","CB","ESTONIA","202","01/05/2025 00:40","5","2025","5/1/2925 4:40","2025",""," Salmõesdopacífico (Oncorhynchus nerka, Oncorhynchus gorbuscha, Oncorhynchus keta, Oncorhynchus tschawytscha, Oncorhynchus kisutch, Oncorhynchus masou e Oncorhynchus rhodurus), salmãodoatlântico (Salmo salar) e salmãododanúbio (Hucho hucho) ","GRANEL SÓLIDO","De espessura inferior ou igual a 40 micrômetros (mícrons)"
"Embarque","CB","ESWATINI (ANTIGA SUAZILANDIA","202","29/04/2025 13:40","4","2025","11/29/2925 13:40","2025",""," Trutas (Salmo trutta, Oncorhynchus mykiss, Oncorhynchus clarki, Oncorhynchus aguabonita,
Oncorhynchus gilae, Oncorhynchus apache e Oncorhynchus chrysogaster) ","GRANEL SÓLIDO","De espessura inferior a 5 micrômetros (mícrons) "
"Embarque","CB","ETIOPIA","202","29/04/2025 13:40","4","2025","11/29/2925 13:40","2025",""," Peixes chatos (Pleuronectidae, Bothidae, Cynoglossidae, Soleidae, Scophthalmidae e Citharidae) ","GRANEL SÓLIDO","Outras "
"Embarque","CB","FALKLAND (MALVINAS)","102","29/04/2025 17:11","4","2025","11/29/2925 17:11","2025",""," Peixes das famílias Bregmacerotidae, Euclichthyidae, Gadidae, Macrouridae, Melanonidae,
Merlucciidae, Moridae e Muraenolepididae ","GRANEL LÍQUIDO","Outras"
"Embarque","CB","FAROE","102","4/10/2025 20:57","4","2025","374476.24791667","2025",""," Espadarte (Xiphias gladius) ","GRANEL LÍQUIDO","Com largura superior a 12 cm, sem qualquer trabalho à superfície "
"Embarque","CB","FIJI","102","4/10/2025 20:57","4","2025","374476.24791667","2025",""," Merluza negra e merluza antártica (Marlongas*) (Dissostichus spp.) ","GRANEL LÍQUIDO","Outras "
"Embarque","CB","FILIPINAS","102","4/10/2025 20:10","4","2025","374476.21527778","2025",""," Cação e outros tubarões ","GRANEL LÍQUIDO","Laminados de poli(tereftalato de etileno) (PET) para revestimento"
"Embarque","CB","FINLANDIA","102","4/10/2025 20:10","4","2025","374476.21527778","2025",""," Raias (Rajidae) ","GRANEL LÍQUIDO","-- De poliésteres não saturados "
"Desembarque","LC","FRANCA","201","4/15/2025 13:05","4","2025","11/15/2925 13:05","2025",""," Outros","GRANEL SÓLIDO","-- De outros poliésteres "
"Embarque","CB","GABAO","301","21/04/2025 16:35","4","2025","11/21/2925 16:35","2025","","Chernepoveiro (Polyprion americanus) ","GRANEL SÓLIDO","- De celulose ou dos seus derivados químicos:"
"Embarque","CB","GAMBIA","301","21/04/2025 16:35","4","2025","11/21/2925 16:35","2025","","Garoupas (Acanthistius spp.) ","GRANEL SÓLIDO","-- De celulose regenerada "
"Embarque","CB","GANA","202","20/04/2025 21:20","4","2025","11/29/2925 21:29","2025","","Outros ","GRANEL SÓLIDO","-- De acetatos de celulose"
"Embarque","CB","GEORGIA","202","20/04/2025 21:20","4","2025","11/29/2925 21:29","2025",""," Outros, frescos ou refrigerados","GRANEL SÓLIDO","De espessura inferior ou igual a 0,75 mm "
"Embarque","CB","GIBRALTAR","202","20/04/2025 21:20","4","2025","11/29/2925 21:29","2025",""," Tilápias (Oreochromis spp.), bagres (peixesgato*) (Pangasius spp., Silurus spp., Clarias spp., Ictalurus spp.), carpas (Cyprinus spp., Carassius spp., Ctenopharyngodon idellus, Hypophthalmichthys spp., Cirrhinus spp., Mylopharyngodon piceus, Catla catla, Labeo spp., Osteochilus hasselti, Leptobarbus hoeveni, Megalobrama spp.), enguias (Anguilla spp.), percadonilo (Lates niloticus) e peixes cabeça deserpente (Channa spp.) ","GRANEL SÓLIDO","Outras "
"Embarque","CB","GRANADA","202","15/04/2025 05:25","4","2025","11/15/2925 5:25","2025",""," Salmonídeos ","GRANEL SÓLIDO","-- De outros derivados da celulose"
"Embarque","CB","GRECIA","202","15/04/2025 05:25","4","2025","11/15/2925 5:25","2025",""," Peixes das famílias Bregmacerotidae, Euclichthyidae, Gadidae, Macrouridae, Melanonidae, Merlucciidae, Moridae e Muraenolepididae ","GRANEL SÓLIDO","De fibra vulcanizada, de espessura inferior ou igual a 1 mm "
"Embarque","CB","GROENLANDIA","102","01/05/2025 17:38","5","2025","5/1/2925 17:38","2025",""," Espadarte (Xiphias gladius) ","GRANEL LÍQUIDO","Outros "
"Embarque","CB","GUADALUPE","202","23/04/2025 01:50","4","2025","11/23/2925 1:50","2025",""," Merluza negra e merluza antártica (Marlongas*) (Dissostichus spp.) ","GRANEL SÓLIDO","- De outro plástico:"
"Embarque","CB","GUAM","202","23/04/2025 01:50","4","2025","11/23/2925 1:50","2025",""," Cação e outros tubarões ","GRANEL SÓLIDO","-- De poli(butiral de vinila) "
"Embarque","CB","GUATEMALA","202","23/04/2025 01:50","4","2025","11/23/2925 1:50","2025",""," Raias (Rajidae) ","GRANEL SÓLIDO","-- De poliamidas "
"Desembarque","LC","GUERNSEY, ILHA DO CANAL (INCLUI ALDERNEY E SARK)","202","4/24/2025 21:23","4","2025","11/24/2925 21:23","2025",""," Outros ","GRANEL SÓLIDO","-- De resinas amínicas "
"Desembarque","LC","GUIANA","202","4/24/2025 21:23","4","2025","11/24/2925 21:23","2025",""," Filés (filetes) de tilápias (Oreochromis spp.), bagres (peixesgato*) (Pangasius spp., Silurus spp., Clarias spp., Ictalurus spp.), carpas (Cyprinus spp., Carassius spp., Ctenopharyngodon idellus, Hypophthalmichthys spp., Cirrhinus spp., Mylopharyngodon piceus, Catla catla, Labeo spp., Osteochilus hasselti, Leptobarbus hoeveni, Megalobrama spp.), enguias (Anguilla spp.), percadonilo (Lates niloticus) e peixes cabeçadeserpente (Channa spp.), congelados","GRANEL SÓLIDO","-- De resinas fenólicas "
"Desembarque","LC","GUIANA FRANCESA","202","4/24/2025 21:23","4","2025","11/24/2925 21:23","2025",""," Tilápias (Oreochromis spp.) ","GRANEL SÓLIDO","-- De outro plástico"
"Desembarque","LC","GUINE","202","4/24/2025 21:23","4","2025","11/24/2925 21:23","2025",""," Bagres (Peixesgato*) (Pangasius spp., Silurus spp., Clarias spp., Ictalurus spp.)","GRANEL SÓLIDO","De silicone "
"Desembarque","LC","GUINE-BISSAU","202","4/24/2025 21:23","4","2025","11/24/2925 21:23","2025","","Bagre americano (Ictalurus punctatus) ","GRANEL SÓLIDO","De poli(álcool vinílico) "
"Desembarque","CB","GUINE-EQUATORIAL","201","23/04/2025 14:20","4","2025","11/23/2925 22:29","2025","","Outros ","GRANEL SÓLIDO","De polímeros de fluoreto de vinila "
"Desembarque","CB","HAITI","201","23/04/2025 14:20","4","2025","11/23/2925 22:29","2025",""," Percadonilo (Lates niloticus) ","GRANEL SÓLIDO","De poliimida "
"Embarque","CB","HOLANDA (PAISES BAIXOS)","202","01/05/2025 00:40","5","2025","5/1/2925 4:40","2025",""," Outros ","GRANEL SÓLIDO","De poli(clorotrifluoretileno) "
"Embarque","CB","HONDURAS","102","29/04/2025 17:11","4","2025","11/29/2925 17:11","2025",""," Filés (filetes) de peixes das famílias Bregmacerotidae, Euclichthyidae, Gadidae, Macrouridae, Melanonidae, Merlucciidae, Moridae e Muraenolepididae, congelados","GRANEL LÍQUIDO","Outras "
"Desembarque","LC","HONG KONG","201","28/04/2025 23:30","4","2025","11/16/2925 23:31","2025",""," Bacalhaudoatlântico (Gadus morhua), bacalhaudagroelândia (Gadus ogac) e bacalhaudopacífico (Gadus macrocephalus) ","GRANEL SÓLIDO","Outras chapas, folhas, películas, tiras e lâminas, de plástico."
"Desembarque","LC","HUNGRIA","201","28/04/2025 23:30","4","2025","11/16/2925 23:31","2025",""," Hadoque (Arinca*) (Melanogrammus aeglefinus) ","GRANEL SÓLIDO","- Produtos alveolares:"
"Embarque","CB","IEMEN","201","4/30/2025 10:25","4","2025","31/11/2925  08:25:04","2025",""," Saithe (Escamudo*) (Pollachius virens) ","GRANEL SÓLIDO","-- De polímeros de estireno "
"Embarque","CB","INDIA","101","20/05/2025 16:40","5","2025","5/29/2925 16:40","2025",""," Merluzas (Pescadas*) e abróteas (Merluccius spp., Urophycis spp.) ","GRANEL LÍQUIDO","-- De polímeros de cloreto de vinila "
"Embarque","CB","INDONESIA","101","20/05/2025 16:40","5","2025","5/29/2925 16:40","2025",""," Polacadoalasca (Escamudodoalasca*) (Theragra chalcogramma) ","GRANEL LÍQUIDO","-- De poliuretanos"
"Embarque","CB","IRA","101","20/05/2025 16:40","5","2025","5/29/2925 16:40","2025",""," Outros ","GRANEL LÍQUIDO","Com base poliéster, de células abertas, com um número de poros por decímetro linear igual ou superior a 24 e inferior ou igual a 157 (6 a 40 poros por polegada linear), com resistência à compressão 50 % (RC50) igual ou superior a 3,0 kPa e inferior ou igual a 6,0 kPa"
"Embarque","CB","IRAQUE","201","4/30/2025 10:25","4","2025","31/11/2925  08:25:04","2025",""," Filés (filetes) de outros peixes, congelados","GRANEL SÓLIDO","Outras "
"Embarque","CB","IRLANDA","201","5/17/2025 23:55","5","2025","5/17/2925 23:55","2025",""," Salmõesdopacífico (Oncorhynchus nerka, Oncorhynchus gorbuscha, Oncorhynchus keta, Oncorhynchus tschawytscha, Oncorhynchus kisutch, Oncorhynchus masou e Oncorhynchus rhodurus), salmãodoatlântico (Salmo salar) e salmãododanúbio (Hucho hucho) ","GRANEL SÓLIDO","-- De celulose regenerada "
"Embarque","CB","ISLANDIA","201","5/17/2025 23:55","5","2025","5/17/2925 23:55","2025",""," Trutas (Salmo trutta, Oncorhynchus mykiss, Oncorhynchus clarki, Oncorhynchus aguabonita, Oncorhynchus gilae, Oncorhynchus apache e Oncorhynchus chrysogaster) ","GRANEL SÓLIDO","-- De outro plástico "
"Embarque","CB","ISRAEL","301","24/04/2025 08:05","4","2025","11/24/2925 8:05","2025",""," Peixes chatos (Pleuronectidae, Bothidae, Cynoglossidae, Soleidae, Scophthalmidae e Citharidae) ","GRANEL SÓLIDO","- Outras"
"Embarque","CB","ITALIA","301","24/04/2025 08:05","4","2025","11/24/2925 8:05","2025",""," Espadarte (Xiphias gladius) ","GRANEL SÓLIDO","Estratificadas, reforçadas ou com suporte"
"Desembarque","LC","JAMAICA","201","27/04/2025 14:20","4","2025","11/27/2925 22:29","2025",""," Merluza negra e merluza antártica (Marlongas*) (Dissostichus spp.)","GRANEL SÓLIDO","De resina melamina-formaldeído "
"Desembarque","LC","JAPAO","201","27/04/2025 14:20","4","2025","11/27/2925 22:29","2025","","Merluza negra (Dissostichus eleginoides) ","GRANEL SÓLIDO","De polietileno, com reforço de napas de fibras de polietileno paralelizadas, superpostas entre si em ângulo de 90º e impregnadas com resinas "
"Embarque","CB","JERSEY, ILHA DO CANAL","202","5/3/2025 4:23","5","2025","5/3/2925 11:23","2025","","Merluza antártica (Dissostichus mawsoni) ","GRANEL SÓLIDO","De copolímeros de tetrafluoretileno reforçadas com tecido de fibras de politetrafluoretileno, do tipo utilizado como membranas semipermeáveis em células de eletrólise"
"Embarque","CB","JOHNSTON","202","5/3/2025 4:23","5","2025","5/3/2925 11:23","2025",""," Arenques (Clupea harengus, Clupea pallasii) ","GRANEL SÓLIDO","Outras "
"Embarque","LC","JORDANIA","201","03/05/2025 04:40","5","2025","5/3/2925 11:40","2025",""," Atuns (do gênero Thunnus), bonitolistrado (gaiado*) (Katsuwonus pelamis) ","GRANEL SÓLIDO","De poli(tereftalato de etileno), com camada antiestática à base de gelatina ou de látex em ambas as faces, mesmo com halogenetos de potássio "
"Desembarque","CB","KIRIBATI","201","03/05/2025 23:30","5","2025","5/3/2925 23:31","2025",""," Cação e outros tubarões, raias (Rajidae)","GRANEL SÓLIDO","Outras "
"Desembarque","CB","KUWEIT","201","03/05/2025 23:30","5","2025","5/3/2925 23:31","2025","","Tubarãoazul (Prionace glauca) ","GRANEL SÓLIDO","Banheiras, boxes para chuveiros (polibãs*), pias, lavatórios, bidés, sanitários e seus assentos e tampas, caixas de descarga (autoclismos*) e artigos semelhantes para usos sanitários ou higiênicos, de plástico."
"Embarque","CB","LAOS","301","04/05/2025 02:50","5","2025","5/11/2925 2:50","2025","","Outros ","GRANEL SÓLIDO","- Banheiras, boxes para chuveiros (polibãs*), pias e lavatórios "
"Desembarque","CB","LESOTO","102","5/10/2025 10:05","5","2025","5/8/2925 8:05","2025",""," Outros","GRANEL LÍQUIDO","- Assentos e tampas, de sanitários "
"Desembarque","CB","LETONIA","102","5/16/2025 10:05","5","2025","5/16/2925 8:05","2025","","Pargo (Lutjanus purpureus) ","GRANEL LÍQUIDO","- Outros "
"Desembarque","CB","LIBANO","102","5/16/2025 10:05","5","2025","5/16/2925 8:05","2025","","Chernepoveiro (Polyprion americanus) ","GRANEL LÍQUIDO","Artigos de transporte ou de embalagem, de plástico; rolhas, tampas, cápsulas e outros dispositivos para fechar recipientes, de plástico."
"Desembarque","CB","LIBERIA","102","5/16/2025 10:05","5","2025","5/16/2925 8:05","2025","","Garoupas (Acanthistius spp.) ","GRANEL LÍQUIDO","- Caixas, caixotes, engradados e artigos semelhantes"
"Desembarque","CB","LIBIA","102","5/16/2025 10:05","5","2025","5/16/2925 8:05","2025","","Outros ","GRANEL LÍQUIDO","Estojos de plástico, do tipo utilizado para acondicionar discos para sistemas de leitura por raio laser"
"Embarque","CB","LIECHTENSTEIN","202","07/05/2025 06:35","5","2025","5/7/2925 3:35","2025",""," Outros, congelados","GRANEL SÓLIDO","Outros "
"Embarque","CB","LITUANIA","202","07/05/2025 06:35","5","2025","5/7/2925 3:35","2025",""," Espadarte (Xiphias gladius) ","GRANEL SÓLIDO","- Sacos de quaisquer dimensões, bolsas e cartuchos:"
"Embarque","CB","LUXEMBURGO","202","07/05/2025 06:35","5","2025","5/7/2925 3:35","2025",""," Merluza negra e merluza antártica (Marlongas*) (Dissostichus spp.)","GRANEL SÓLIDO","-- De polímeros de etileno"
"Embarque","CB","MACAU","101","15/05/2025 13:50","5","2025","5/15/2925 13:50","2025","","Merluza negra (Dissostichus eleginoides)","GRANEL LÍQUIDO","De capacidade inferior ou igual a 1.000 cm3 "
"Embarque","LC","MACEDONIA DO NORTE","201","5/23/2025 17:00","5","2025","5/23/2925 17:04","2025","","Bochechas (cheeks) ","GRANEL SÓLIDO","Outros "
"Embarque","LC","MADAGASCAR","201","5/23/2025 17:00","5","2025","5/23/2925 17:04","2025","","Colares (collars) ","GRANEL SÓLIDO","-- De outro plástico"
"Desembarque","LC","MADEIRA","201","5/23/2025 17:00","5","2025","5/23/2925 17:04","2025","","Outros ","GRANEL SÓLIDO","De capacidade inferior ou igual a 1.000 cm3 "
"Desembarque","LC","MALASIA","201","5/23/2025 17:00","5","2025","5/23/2925 17:04","2025","","Merluza antártica (Dissostichus mawsoni)","GRANEL SÓLIDO","Outros "
"Desembarque","LC","MALAVI","201","5/23/2025 17:00","5","2025","5/23/2925 17:04","2025","","Bochechas (cheeks) ","GRANEL SÓLIDO","- Garrafões, garrafas, frascos e artigos semelhantes"
"Desembarque","LC","MALDIVAS","201","5/23/2025 17:00","5","2025","5/23/2925 17:04","2025","","Colares (collars) ","GRANEL SÓLIDO","Recipientes para gás liquefeito de petróleo (GLP) "
"Embarque","CB","MALI","202","11/05/2025 07:45","5","2025","5/11/2925 7:55","2025","","Outros ","GRANEL SÓLIDO","Outros "
"Embarque","CB","MALTA","202","11/05/2025 07:45","5","2025","5/11/2925 7:55","2025",""," Tilápias (Oreochromis spp.), bagres (peixesgato*) (Pangasius spp., Silurus spp., Clarias spp., Ictalurus spp.), carpas (Cyprinus spp., Carassius spp., Ctenopharyngodon idellus, Hypophthalmichthys spp., Cirrhinus spp., Mylopharyngodon piceus, Catla catla, Labeo spp., Osteochilus hasselti, Leptobarbus hoeveni, Megalobrama spp.), enguias (Anguilla spp.), percadonilo (Lates niloticus) e peixes cabeça deserpente (Channa spp.) ","GRANEL SÓLIDO","Esboços de garrafas de plástico, fechados em uma extremidade e aberta na outra, munida de uma rosca sobre a qual irá adaptar-se a uma tampa roscada, devendo a parte abaixo da rosca ser transformada, posteriormente, para que seja obtida a dimensão e forma desejadas"
"Embarque","CB","MAN, ILHA DE","202","11/05/2025 07:45","5","2025","5/11/2925 7:55","2025",""," Polacadoalasca (Escamudodoalasca*) (Theragra chalcogramma) ","GRANEL SÓLIDO","- Bobinas, carretéis, canelas e suportes semelhantes "
"Desembarque","CB","MARIANAS DO NORTE","202","5/4/2025 10:20","5","2025","5/11/2925 8:29","2025",""," Peixes das famílias Bregmacerotidae, Euclichthyidae, Gadidae, Macrouridae, Melanonidae, Merlucciidae, Moridae e Muraenolepididae, exceto a polacadoalasca (escamudodoalasca*) (Theragra chalcogramma) ","GRANEL SÓLIDO","- Rolhas, tampas, cápsulas e outros dispositivos para fechar recipientes "
"Desembarque","CB","MARROCOS","202","5/4/2025 10:20","5","2025","5/11/2925 8:29","2025",""," Cação e outros tubarões ","GRANEL SÓLIDO","- Outros "
"Desembarque","CB","MARSHALL, ILHAS","202","5/4/2025 10:20","5","2025","5/11/2925 8:29","2025",""," Raias (Rajidae) ","GRANEL SÓLIDO","Paletes simples, paletes-caixas e outros estrados para carga; taipais de paletes"
"Desembarque","CB","MARTINICA","202","5/4/2025 10:20","5","2025","5/11/2925 8:29","2025",""," Outros ","GRANEL SÓLIDO","Outros"
"Desembarque","LC","MAURICIO","201","5/5/2025 10:30","5","2025","5/5/2925 8:31","2025","","Peixes secos, salgados ou em salmoura; peixes defumados (fumados), mesmo cozidos antes ou durante a defumação.","GRANEL SÓLIDO","Serviços de mesa, artigos de cozinha, outros artigos de uso doméstico e artigos de higiene ou de toucador, de plástico."
"Desembarque","LC","MAURITANIA","201","5/5/2025 10:30","5","2025","5/5/2925 8:31","2025",""," Fígados, ovas e gônadas masculinas, de peixes, secos, defumados (fumados), salgados ou em salmoura ","GRANEL SÓLIDO","- Serviços de mesa e outros utensílios de mesa ou de cozinha "
"Desembarque","LC","MEXICO","201","5/5/2025 10:30","5","2025","5/5/2925 8:31","2025","","    Ovas de tainhas (Mugil spp.)","GRANEL SÓLIDO","- Outros "
"Embarque","CB","MIANMAR","301","11/05/2025 00:00","5","2025","5/11/2925 4:04","2025","","    Outros","GRANEL SÓLIDO","Artigos para apetrechamento de construções, de plástico, não especificados nem compreendidos noutras posições."
"Embarque","CB","MICRONESIA","101","5/23/2025 16:26","5","2025","5/23/2925 16:26","2025",""," Filés (filetes) de peixes, secos, salgados ou em salmoura, mas não defumados (fumados)","GRANEL LÍQUIDO","- Reservatórios, cisternas, cubas e recipientes análogos, de capacidade superior a 300 l "
"Embarque","CB","MIDWAY","101","5/23/2025 16:26","5","2025","5/23/2925 16:26","2025",""," Tilápias (Oreochromis spp.), bagres (peixesgato*) (Pangasius spp., Silurus spp., Clarias spp., Ictalurus spp.), carpas (Cyprinus spp., Carassius spp., Ctenopharyngodon idellus, Hypophthalmichthys spp., Cirrhinus spp., Mylopharyngodon piceus, Catla catla, Labeo spp., Osteochilus hasselti, Leptobarbus hoeveni, Megalobrama spp.), enguias (Anguilla spp.), percadonilo (Lates niloticus) e peixes cabeça deserpente (Channa spp.) ","GRANEL LÍQUIDO","- Portas, janelas e seus caixilhos, alizares e soleiras "
"Embarque","CB","MOCAMBIQUE","101","5/23/2025 16:26","5","2025","5/23/2925 16:26","2025",""," Peixes das famílias Bregmacerotidae, Euclichthyidae, Gadidae, Macrouridae, Melanonidae, Merlucciidae, Moridae e Muraenolepididae","GRANEL LÍQUIDO","- Postigos, estores (incluindo as venezianas) e artigos semelhantes, e suas partes "
"Desembarque","LC","MOLDAVIA","301","09/05/2025 08:40","5","2025","5/9/2925 8:40","2025","","Bacalhaudoatlântico (Gadus morhua), bacalhaudagroelândia (Gadus ogac) e bacalhaudopacífico (Gadus macrocephalus) ","GRANEL SÓLIDO","- Outros"
"Desembarque","LC","MONACO","301","09/05/2025 08:40","5","2025","5/9/2925 8:40","2025","","Saithe (Pollachius virens) ","GRANEL SÓLIDO","De poliestireno expandido (EPS) "
"Embarque","CB","MONGOLIA","301","13/05/2025 08:45","5","2025","5/13/2925 8:55","2025","","Ling (Molva molva) e zarbo (Brosme brosme) ","GRANEL SÓLIDO","Outros "
"Desembarque","CB","MONTENEGRO","202","5/10/2025 16:00","5","2025","5/8/2925 16:04","2025","","Outros ","GRANEL SÓLIDO","Outras obras de plástico e obras de outras matérias das posições 39.01 a 39.14."
"Desembarque","CB","MONTSERRAT","202","5/10/2025 16:00","5","2025","5/8/2925 16:04","2025",""," Outros ","GRANEL SÓLIDO","- Artigos de escritório e artigos escolares "
"Desembarque","CB","NAMIBIA","202","5/10/2025 16:00","5","2025","5/8/2925 16:04","2025",""," Peixes defumados (fumados), mesmo em filés (filetes), exceto subprodutos comestíveis de peixes","GRANEL SÓLIDO","- Vestuário e seus acessórios (incluindo as luvas, mitenes e semelhantes) "
"Desembarque","CB","NAURU","202","5/10/2025 16:00","5","2025","5/8/2925 16:04","2025",""," Salmõesdopacífico (Oncorhynchus nerka, Oncorhynchus gorbuscha, Oncorhynchus keta, Oncorhynchus tschawytscha, Oncorhynchus kisutch, Oncorhynchus masou e Oncorhynchus rhodurus), salmãodoatlântico (Salmo salar) e salmãododanúbio (Hucho hucho) ","GRANEL SÓLIDO","Cintos"
"Desembarque","CB","NEPAL","202","21/05/2025 16:00","5","2025","5/21/2925 16:04","2025",""," Arenques (Clupea harengus, Clupea pallasii) ","GRANEL SÓLIDO","- Guarnições para móveis, carroçarias ou semelhantes "
"Desembarque","CB","NICARAGUA","202","21/05/2025 16:00","5","2025","5/21/2925 16:04","2025",""," Trutas (Salmo trutta, Oncorhynchus mykiss, Oncorhynchus clarki, Oncorhynchus aguabonita, Oncorhynchus gilae, Oncorhynchus apache e Oncorhynchus chrysogaster) ","GRANEL SÓLIDO","- Estatuetas e outros objetos de ornamentação "
"Embarque","CB","NIGER","202","14/05/2025 21:30","5","2025","5/22/2925 21:31","2025",""," Tilápias (Oreochromis spp.), bagres (peixesgato*) (Pangasius spp., Silurus spp., Clarias spp., Ictalurus spp.), carpas (Cyprinus spp., Carassius spp., Ctenopharyngodon idellus, Hypophthalmichthys spp., Cirrhinus spp., Mylopharyngodon piceus, Catla catla, Labeo spp., Osteochilus hasselti, Leptobarbus hoeveni, Megalobrama spp.), enguias (Anguilla spp.), percadonilo (Lates niloticus) e peixes cabeça deserpente (Channa spp.) ","GRANEL SÓLIDO","- Outras"
"Embarque","CB","NIGERIA","202","14/05/2025 21:30","5","2025","5/22/2925 21:31","2025",""," Outros","GRANEL SÓLIDO","Arruelas (anilhas) "
"Embarque","CB","NIUE","202","14/05/2025 21:30","5","2025","5/22/2925 21:31","2025","","Bacalhaudoatlântico (Gadus morhua), bacalhaudagroelândia (Gadus ogac) e bacalhaudopacífico (Gadus macrocephalus) ","GRANEL SÓLIDO","Correias de transmissão e correias transportadoras"
"Embarque","CB","NORFOLK, ILHA","202","14/05/2025 21:30","5","2025","5/22/2925 21:31","2025","","Saithe (Pollachius virens), ling (Molva molva) e zarbo (Brosme brosme) ","GRANEL SÓLIDO","De transmissão "
"Embarque","CB","NORUEGA","102","04/06/2025 21:37","6","2025","3/11/2925 21:37","2025","","Outros ","CARGA GERAL","Transportadoras "
"Embarque","CB","NOVA CALEDONIA","101","20/05/2025 16:40","5","2025","5/29/2925 16:40","2025",""," Peixes secos, exceto subprodutos comestíveis de peixes, mesmo salgados, mas não defumados (fumados)","CARGA GERAL","Bolsas para uso em medicina (hemodiálise e usos semelhantes) "
"Embarque","CB","NOVA ZELANDIA","101","20/05/2025 16:40","5","2025","5/29/2925 16:40","2025",""," Bacalhaudoatlântico (Gadus morhua), bacalhaudagroelândia (Gadus ogac) e bacalhaudopacífico (Gadus macrocephalus) ","CARGA GERAL","Artigos de laboratório ou de farmácia "
"Embarque","CB","OMA","101","20/05/2025 16:40","5","2025","5/29/2925 16:40","2025",""," Tilápias (Oreochromis spp.), bagres (peixesgato*) (Pangasius spp., Silurus spp., Clarias spp., Ictalurus spp.), carpas (Cyprinus spp., Carassius spp., Ctenopharyngodon idellus, Hypophthalmichthys spp., Cirrhinus spp., Mylopharyngodon piceus, Catla catla, Labeo spp., Osteochilus hasselti, Leptobarbus hoeveni, Megalobrama spp.), enguias (Anguilla spp.), percadonilo (Lates niloticus) e peixes cabeça deserpente (Channa spp.) ","CARGA GERAL","Exclusivamente de laboratório de análises clínicas"
"Embarque","CB","PACIFICO, ILHAS DO (POSSESSAO DOS EUA)","101","20/05/2025 16:40","5","2025","5/29/2925 16:40","2025",""," Peixes das famílias Bregmacerotidae, Euclichthyidae, Gadidae, Macrouridae, Melanonidae, Merlucciidae, Moridae e Muraenolepididae, exceto bacalhau (Gadus morhua, Gadus ogac, Gadus macrocephalus)","CARGA GERAL","Acessórios do tipo utilizado em linhas de sangue para hemodiálise, tais como: obturadores, incluindo os reguláveis (clamps), clipes e semelhantes "
"Embarque","CB","PALAU","101","20/05/2025 16:40","5","2025","5/29/2925 16:40","2025","","Bacalhau polar (Boreogadus saida), saithe (Pollachius virens), ling (Molva molva), ling azul (Molva dypterygia), zarbo (Brosme brosme), abroteadoalto (Urophycis blennoides) e hadoque (Melanogrammus aeglefinus) ","CARGA GERAL","Anéis de seção transversal circular (O-rings)"
"Embarque","CB","PALESTINA","101","20/05/2025 16:40","5","2025","5/29/2925 16:40","2025","","Outros ","GRANEL LÍQUIDO","De tetrafluoretileno e éter perfluorometilvinil "
"Embarque","CB","PANAMA","101","20/05/2025 16:40","5","2025","5/29/2925 16:40","2025",""," Arenques (Clupea harengus, Clupea pallasii), anchovas (biqueirões*) (Engraulis spp.), sardinhas (Sardina pilchardus, Sardinops spp., Sardinella spp.) (sardinha (Sardina pilchardus) e sardinelas (Sardinops spp., Sardinella spp.)*), anchoveta (espadilha*) (Sprattus sprattus), cavalinhas (sardas e cavalas*) (Scomber scombrus, Scomber australasicus, Scomber japonicus), cavalasdoíndico (Rastrelliger spp.), serras (Scomberomorus spp.), carapaus (Trachurus spp.), xaréus (Caranx spp.), bijupirá (cobia*) (Rachycentron canadum), pamposprateado (Pampus spp.), agulhãodojapão (Cololabis saira), charros (Decapterus spp.), capelim (Mallotus villosus), espadarte (Xiphias gladius), mermaoriental (Euthynnus affinis), bonitos (Sarda spp.), espadins, marlins, veleiros (Istiophoridae)   ","GRANEL LÍQUIDO","Outros "
"Embarque","CB","PAPUA NOVA GUINE","101","20/05/2025 16:40","5","2025","5/29/2925 16:40","2025",""," Outros ","GRANEL LÍQUIDO","Outras "
"Embarque","CB","PAQUISTAO","101","20/05/2025 16:40","5","2025","5/29/2925 16:40","2025",""," Peixes salgados, não secos nem defumados (fumados) e peixes em salmoura, exceto subprodutos comestíveis de peixes","GRANEL LÍQUIDO","Forma para fabricação de calçados"
"Embarque","CB","PARAGUAI","201","5/13/2025 15:23","5","2025","5/13/2925 15:23","2025",""," Arenques (Clupea harengus, Clupea pallasii) ","GRANEL SÓLIDO","Máscara de proteção"
"Embarque","CB","PERU","201","24/05/2025 13:30","5","2025","5/24/2925 13:31","2025",""," Bacalhaudoatlântico (Gadus morhua), bacalhaudagroelândia (Gadus ogac) e bacalhaudopacífico (Gadus macrocephalus) ","GRANEL SÓLIDO","Revestimento para canais de irrigação, de PVC flexível ou semelhante, com ilhoses para fixação no solo"
"Embarque","CB","PITCAIRN","301","5/10/2025 20:25","5","2025","375503.22569444","2025",""," Anchovas (Biqueirões*) (Engraulis spp.) ","GRANEL SÓLIDO","Cinto, colete, boia e equipamento semelhante de salvamento"
"Desembarque","LC","POLINESIA FRANCESA","201","5/20/2025 23:25","5","2025","5/29/2925 23:25","2025",""," Tilápias (Oreochromis spp.), bagres (peixesgato*) (Pangasius spp., Silurus spp., Clarias spp., Ictalurus spp.), carpas (Cyprinus spp., Carassius spp., Ctenopharyngodon idellus, Hypophthalmichthys spp., Cirrhinus spp., Mylopharyngodon piceus, Catla catla, Labeo spp., Osteochilus hasselti, Leptobarbus hoeveni, Megalobrama spp.), enguias (Anguilla spp.), percadonilo (Lates niloticus) e peixes cabeça deserpente (Channa spp.) ","GRANEL SÓLIDO","Brincos e pulseiras para identificação de animais"
"Desembarque","LC","POLONIA","201","5/20/2025 23:25","5","2025","5/29/2925 23:25","2025",""," Outros","GRANEL SÓLIDO","Cabos para ferramentas, utensílios e aparelhos"
"Desembarque","CB","PORTO RICO","202","27/05/2025 11:55","5","2025","5/27/2925 11:55","2025","","Saithe (Pollachius virens), ling (Molva molva) e zarbo (Brosme brosme) ","GRANEL SÓLIDO","Parafusos e porcas"
"Desembarque","LC","PORTUGAL","201","29/05/2025 03:25","5","2025","5/29/2925 3:25","2025","","Outros ","GRANEL SÓLIDO","Recipiente com serpentina e depósito para gelo, próprio para gelar bebidas"
"Desembarque","LC","QUENIA","201","29/05/2025 03:25","5","2025","5/29/2925 3:25","2025",""," Barbatanas, cabeças, caudas, bexigasnatatórias e outros subprodutos comestíveis de peixes","GRANEL SÓLIDO","Leques e ventarolas"
"Desembarque","LC","QUIRGUISTAO","201","29/05/2025 03:25","5","2025","5/29/2925 3:25","2025",""," Barbatanas de tubarão ","GRANEL SÓLIDO","Bolsas para coleta de sangue e seus componentes e bolsas de diálise peritoneal (infusão e drenagem)"
"Desembarque","LC","REINO UNIDO","201","29/05/2025 03:25","5","2025","5/29/2925 3:25","2025","","De tubarão seco, mesmo salgado mas não defumado","GRANEL SÓLIDO","Borracha natural, balata, guta-percha, guaiúle, chicle e gomas naturais análogas, em formas primárias ou em chapas, folhas ou tiras."
"Embarque","CB","REPUBLICA CENTRO-AFRICANA","202","5/10/2025 10:15","5","2025","5/8/2925 8:15","2025",""," Cabeças, caudas e bexigasnatatórias, de peixes ","CARGA GERAL","- Látex de borracha natural, mesmo pré-vulcanizado "
"Desembarque","CB","REPUBLICA DEMOCRATICA DO CONGO","301","5/25/2025 23:00","5","2025","5/25/2925 23:04","2025","","De peixes defumados, mesmo em filés, exceto dos códigos 0305.41.00, 0305.42.00 e 0305.49.10","GRANEL SÓLIDO","- Borracha natural noutras formas:"
"Desembarque","CB","REPUBLICA DOMINICANA","301","5/25/2025 23:00","5","2025","5/25/2925 23:04","2025","","De peixes salgados, não secos nem defumados e peixes em salmoura, exceto dos códigos
0305.61.00 e 0305.62.00","GRANEL SÓLIDO","-- Folhas fumadas "
"Desembarque","CB","REPUBLICA TCHECA","301","5/25/2025 23:00","5","2025","5/25/2925 23:04","2025",""," Outros ","GRANEL SÓLIDO","-- Borracha natural tecnicamente especificada (TSNR) "
"Embarque","CB","REUNIAO","201","25/05/2025 20:00","5","2025","375521.20841414","2025","","De peixes defumados, mesmo em filés, exceto dos códigos 0305.41.00, 0305.42.00 e 0305.49.10","GRANEL SÓLIDO","-- Outras"
"Embarque","CB","ROMENIA","202","23/05/2025 17:40","5","2025","5/23/2925 17:40","2025","","De peixes salgados, não secos nem defumados e peixes em salmoura, exceto dos códigos
0305.61.00 e 0305.62.00","GRANEL SÓLIDO","Crepadas "
"Embarque","CB","RUANDA","202","23/05/2025 17:40","5","2025","5/23/2925 17:40","2025","","Crustáceos, mesmo com casca, vivos, frescos, refrigerados, congelados, secos, salgados ou em salmoura; crustáceos, mesmo com casca, defumados (fumados), mesmo cozidos antes ou durante a defumação; crustáceos com casca, cozidos em água ou vapor, mesmo refrigerados, congelados, secos, salgados ou em salmoura.","GRANEL SÓLIDO","Granuladas ou prensadas "
"Embarque","CB","RUSSIA","202","23/05/2025 17:40","5","2025","5/23/2925 17:40","2025",""," Congelados","GRANEL SÓLIDO","Outras "
"Embarque","CB","SAARA OCIDENTAL","101","05/06/2025 21:50","6","2025","3/5/2925 21:50","2025",""," Lagostas (Palinurus spp., Panulirus spp., Jasus spp.)","GRANEL LÍQUIDO","- Balata, guta-percha, guaiúle, chicle e gomas naturais análogas "
"Embarque","CB","SALOMAO, ILHAS","101","05/06/2025 21:50","6","2025","3/5/2925 21:50","2025","","Inteiras ","GRANEL LÍQUIDO","Borracha sintética e borracha artificial derivada dos óleos, em formas primárias ou em chapas, folhas ou tiras; misturas dos produtos da posição 40.01 com produtos da presente posição, em formas primárias ou em chapas, folhas ou tiras."
"Embarque","CB","SAMOA","301","30/05/2025 05:25","5","2025","5/31/2925 5:25","2025","","Outras ","GRANEL SÓLIDO","- Borracha de estireno-butadieno (SBR); borracha de estireno-butadieno carboxilada (XSBR):"
"Embarque","CB","SAMOA AMERICANA","102","11/06/2025 05:21","6","2025","3/11/2925 5:21","2025",""," Lavagantes (Homarus spp.) ","GRANEL LÍQUIDO","-- Látex"
"Embarque","CB","SAN MARINO","202","29/05/2025 01:50","5","2025","5/29/2925 1:50","2025",""," Caranguejos ","GRANEL SÓLIDO","De estireno-butadieno (SBR) "
"Embarque","CB","SANTA HELENA","202","29/05/2025 01:50","5","2025","5/29/2925 1:50","2025",""," Lagosta norueguesa (Lagostim*) (Nephrops norvegicus) ","GRANEL SÓLIDO","De estireno-butadieno carboxilada (XSBR) "
"Embarque","CB","SANTA LUCIA","202","29/05/2025 01:50","5","2025","5/29/2925 1:50","2025",""," Camarões de água fria (Pandalus spp., Crangon crangon)","GRANEL SÓLIDO","-- Outras"
"Embarque","CB","SAO CRISTOVAO E NEVES","202","29/05/2025 01:50","5","2025","5/29/2925 1:50","2025","","Inteiros ","GRANEL SÓLIDO","De estireno-butadieno (SBR)"
"Embarque","CB","SAO MARTINHO, ILHA DE (PARTE FRANCESA)","201","24/05/2025 13:30","5","2025","5/24/2925 13:31","2025","","Outros ","GRANEL SÓLIDO","Em chapas, folhas ou tiras "
"Embarque","CB","SAO MARTINHO, ILHA DE (PARTE HOLANDESA)","201","24/05/2025 13:30","5","2025","5/24/2925 13:31","2025",""," Outros camarões","GRANEL SÓLIDO","Grau alimentício de acordo com o estabelecido pelo Food Chemical Codex, em formas primárias"
"Desembarque","CB","SAO PEDRO E MIQUELON","201","5/10/2025 10:15","5","2025","5/8/2925 8:15","2025","","Inteiros ","GRANEL SÓLIDO","Outras "
"Desembarque","CB","SAO TOME E PRINCIPE","201","5/10/2025 10:15","5","2025","5/8/2925 8:15","2025","","Outros ","GRANEL SÓLIDO","De estireno-butadieno carboxilada (XSBR) "
"Desembarque","CB","SAO VICENTE E GRANADINAS","202","27/05/2025 11:55","5","2025","5/27/2925 11:55","2025",""," Outros","GRANEL SÓLIDO","- Borracha de butadieno (BR)"
"Desembarque","CB","SEICHELES","202","27/05/2025 11:55","5","2025","5/27/2925 11:55","2025","","Krill (Euphausia superba) ","GRANEL SÓLIDO","Óleo "
"Embarque","LC","SENEGAL","201","29/05/2025 03:25","5","2025","5/29/2925 3:25","2025","","Outros ","GRANEL SÓLIDO","Outras "
"Embarque","LC","SERRA LEOA","201","29/05/2025 03:25","5","2025","5/29/2925 3:25","2025",""," Vivos, frescos ou refrigerados","CARGA GERAL","1,2- polibutadieno sindiotáctico"
"Desembarque","LC","SERVIA","201","29/05/2025 03:25","5","2025","5/29/2925 3:25","2025",""," Lagostas (Palinurus spp., Panulirus spp., Jasus spp.) ","CARGA GERAL","Outras"
"Desembarque","LC","SIRIA","301","23/05/2025 07:40","5","2025","5/23/2925 7:40","2025",""," Lavagantes (Homarus spp.) ","CARGA GERAL","- Borracha de isobuteno-isopreno (butila) (IIR); borracha de isobuteno-isopreno halogenada (CIIR ou BIIR):"
"Desembarque","LC","SOMALIA","301","23/05/2025 07:40","5","2025","5/23/2925 7:40","2025",""," Caranguejos ","CARGA GERAL","-- Borracha de isobuteno-isopreno (butila) (IIR) "
"Embarque","CB","SRI LANKA","202","5/10/2025 10:15","5","2025","5/8/2925 8:15","2025",""," Lagosta norueguesa (Lagostim*) (Nephrops norvegicus) ","CARGA GERAL","-- Outras "
"Embarque","CB","SUDAO","201","25/05/2025 20:00","5","2025","375521.20841414","2025",""," Camarões de água fria (Pandalus spp., Crangon crangon) ","GRANEL SÓLIDO","- Borracha de cloropreno (clorobutadieno) (CR):"
"Embarque","CB","SUDÃO DO SUL","201","25/05/2025 20:00","5","2025","375521.20841414","2025",""," Outros camarões ","GRANEL SÓLIDO","-- Látex "
"Embarque","CB","SUECIA","201","25/05/2025 20:00","5","2025","375521.20841414","2025",""," Outros","GRANEL SÓLIDO","-- Outras "
"Embarque","CB","SUICA","201","25/05/2025 20:00","5","2025","375521.20841414","2025","","Lagosta de água doce (Cherax quadricarinatus) ","GRANEL SÓLIDO","- Borracha de acrilonitrila-butadieno (NBR):"
"Embarque","CB","SURINAME","202","23/05/2025 17:40","5","2025","5/23/2925 17:40","2025","","Outros ","GRANEL SÓLIDO","-- Látex "
"Embarque","CB","SVALBARD E JAN MAYEN","202","23/05/2025 17:40","5","2025","5/23/2925 17:40","2025",""," Outros","GRANEL SÓLIDO","-- Outras "
"Embarque","CB","TADJIQUISTAO","101","05/06/2025 21:50","6","2025","3/5/2925 21:50","2025",""," Lagostas (Palinurus spp., Panulirus spp., Jasus spp.) ","GRANEL LÍQUIDO","- Borracha de isopreno (IR) "
"Embarque","CB","TAILANDIA","101","05/06/2025 21:50","6","2025","3/5/2925 21:50","2025",""," Lavagantes (Homarus spp.) ","GRANEL LÍQUIDO","- Borracha de etileno-propileno-dieno não conjugado (EPDM) "
"Desembarque","CB","TAIWAN","201","17/06/2025 13:40","6","2025","3/17/2925 13:40","2025",""," Caranguejos ","GRANEL SÓLIDO","- Misturas dos produtos da posição 40.01 com produtos da presente posição "
"Desembarque","CB","TANZANIA","201","17/06/2025 13:40","6","2025","3/17/2925 13:40","2025",""," Lagosta norueguesa (Lagostim*) (Nephrops norvegicus) ","GRANEL SÓLIDO","- Outras:"
"Desembarque","CB","TERRITORIO BRITANICO OCEANO INDICO","201","17/06/2025 13:40","6","2025","3/17/2925 13:40","2025",""," Camarões ","GRANEL SÓLIDO","-- Látex "
"Desembarque","LC","TIMOR LESTE","202","16/06/2025 17:00","6","2025","3/16/2925 17:04","2025",""," Outros","GRANEL SÓLIDO","-- Outras"
"Embarque","CB","TOGO","202","6/15/2025 21:20","6","2025","3/15/2925 21:29","2025","","Lagosta de água doce (Cherax quadricarinatus) ","GRANEL SÓLIDO","Borracha estireno-isopreno-estireno "
"Desembarque","CB","TONGA","202","6/15/2025 21:20","6","2025","3/15/2925 21:29","2025","","Outros ","GRANEL SÓLIDO","Borracha etileno-propileno-dieno não conjugado-propileno (EPDM-propileno) "
"Desembarque","CB","TOQUELAU","202","6/15/2025 21:20","6","2025","3/15/2925 21:29","2025","","Moluscos, mesmo com concha, vivos, frescos, refrigerados, congelados, secos, salgados ou em salmoura; moluscos, mesmo com concha, defumados (fumados), mesmo cozidos antes ou durante a defumação.","GRANEL SÓLIDO","Borracha acrilonitrila-butadieno hidrogenada "
"Embarque","LC","TRINIDAD E TOBAGO","201","27/06/2025 11:20","6","2025","3/27/2925 11:29","2025",""," Ostras","GRANEL SÓLIDO","Outras "
"Embarque","CB","TUNISIA","202","29/05/2025 01:50","5","2025","5/29/2925 1:50","2025",""," Vivas, frescas ou refrigeradas ","GRANEL SÓLIDO","Borracha regenerada, em formas primárias ou em chapas, folhas ou tiras. "
"Embarque","CB","TURCAS E CAICOS","202","29/05/2025 01:50","5","2025","5/29/2925 1:50","2025",""," Congeladas ","GRANEL SÓLIDO","Desperdícios, resíduos e aparas, de borracha não endurecida, mesmo reduzidos a pó ou a grânulos. "
"Embarque","CB","TURCOMENISTAO","202","29/05/2025 01:50","5","2025","5/29/2925 1:50","2025",""," Outras ","GRANEL SÓLIDO","Borracha misturada, não vulcanizada, em formas primárias ou em chapas, folhas ou tiras."
"Embarque","CB","TURQUIA","202","29/05/2025 01:50","5","2025","5/29/2925 1:50","2025",""," Vieiras e outros moluscos da família Pectinidae","GRANEL SÓLIDO","- Borracha adicionada de negro de fumo ou de sílica"
"Desembarque","CB","TUVALU","102","6/8/2025 23:43","6","2025","3/8/2925 23:43","2025",""," Vivos, frescos ou refrigerados ","GRANEL LÍQUIDO","Borracha etileno-propileno-dieno não conjugado-propileno (EPDM-propileno), com sílica e plastificante, em grânulos "
"Desembarque","CB","UCRANIA","102","6/8/2025 23:43","6","2025","3/8/2925 23:43","2025",""," Congelados ","GRANEL LÍQUIDO","Outras "
"Desembarque","CB","UGANDA","102","6/8/2025 23:43","6","2025","3/8/2925 23:43","2025",""," Outros ","GRANEL LÍQUIDO","- Soluções; dispersões, exceto as da subposição 4005.10 "
"Desembarque","CB","URUGUAI","202","02/06/2025 09:05","6","2025","3/2/2925 9:05","2025",""," Mexilhões (Mytilus spp., Perna spp.)","GRANEL SÓLIDO","- Outras:"
"Desembarque","CB","UZBEQUISTAO","202","02/06/2025 09:05","6","2025","3/2/2925 9:05","2025",""," Vivos, frescos ou refrigerados ","GRANEL SÓLIDO","-- Chapas, folhas e tiras"
"Desembarque","CB","VANUATU","202","02/06/2025 09:05","6","2025","3/2/2925 9:05","2025",""," Congelados ","GRANEL SÓLIDO","Preparações base para a fabricação de gomas de mascar "
"Embarque","CB","VATICANO","201","02/06/2025 06:35","6","2025","3/2/2925 3:35","2025",""," Outros ","GRANEL SÓLIDO","Outras "
"Embarque","CB","VENEZUELA","202","5/31/2025 7:30","5","2025","5/31/2925 7:31","2025",""," Sépias (Chocos*) (Chocos e chopos*); lulas (potas e lulas*)","GRANEL SÓLIDO","-- Outras"
"Embarque","CB","VIETNA","202","5/31/2025 7:30","5","2025","5/31/2925 7:31","2025",""," Vivas, frescas ou refrigeradas ","GRANEL SÓLIDO","Preparações base para a fabricação de gomas de mascar "
"Embarque","CB","VIRGENS, ILHAS (BRITANICAS)","202","5/31/2025 7:30","5","2025","5/31/2925 7:31","2025",""," Congeladas","GRANEL SÓLIDO","Outras "
"Embarque","CB","VIRGENS, ILHAS (EUA)","202","5/31/2025 7:30","5","2025","5/31/2925 7:31","2025","","Lulas ","GRANEL SÓLIDO","Outras formas (por exemplo, varetas, tubos, perfis) e artigos (por exemplo, discos, arruelas (anilhas)), de borracha não vulcanizada."
"Embarque","CB","WAKE, ILHA","202","5/31/2025 7:30","5","2025","5/31/2925 7:31","2025","","Sépias ","GRANEL SÓLIDO","- Perfis para recauchutagem "
"Embarque","CB","WALLIS E FUTUNA, ILHAS","202","5/31/2025 7:30","5","2025","5/31/2925 7:31","2025",""," Outras ","GRANEL SÓLIDO","- Outros "
"Embarque","CB","AFEGANISTAO","102","6/15/2025 9:10","6","2025","3/15/2925 9:08","2025",""," Polvos (Octopus spp.)","GRANEL LÍQUIDO","Fios e cordas, de borracha vulcanizada."
"Desembarque","CB","AFRICA DO SUL","301","08/06/2025 02:40","6","2025","3/8/2925 2:40","2025",""," Vivos, frescos ou refrigerados ","GRANEL SÓLIDO","Fios"
"Desembarque","CB","ALBANIA","301","08/06/2025 02:40","6","2025","3/8/2925 2:40","2025",""," Congelados ","CARGA GERAL","Recobertos com silicone, mesmo paralelizados "
"Desembarque","LC","ALEMANHA","201","06/06/2025 15:45","6","2025","3/3/2925 15:55","2025",""," Outros ","CARGA GERAL","Outros "
"Desembarque","LC","ANDORRA","201","06/06/2025 15:45","6","2025","3/3/2925 15:55","2025",""," Caracóis, exceto os do mar ","CARGA GERAL","Cordas "
"Embarque","CB","ANGOLA","201","04/06/2025 05:35","6","2025","3/11/2925 5:35","2025",""," Amêijoas, berbigões e arcas (famílias Arcidae, Arcticidae, Cardiidae, Donacidae, Hiatellidae, Mactridae,
Mesodesmatidae, Myidae, Semelidae, Solecurtidae, Solenidae, Tridacnidae e Veneridae)","CARGA GERAL","Chapas, folhas, tiras, varetas e perfis, de borracha vulcanizada não endurecida."
"Embarque","CB","ANGUILLA","201","09/06/2025 14:30","6","2025","3/9/2925 22:31","2025",""," Vivos, frescos ou refrigerados ","CARGA GERAL","- De borracha alveolar:"
"Embarque","CB","ANTIGUA E BARBUDA","202","06/06/2025 11:00","6","2025","3/3/2925 11:04","2025",""," Congelados ","CARGA GERAL","-- Chapas, folhas e tiras "
"Embarque","CB","ANTILHAS HOLANDESAS","202","06/06/2025 11:00","6","2025","3/3/2925 11:04","2025",""," Outros ","GRANEL SÓLIDO","-- Outros "
"Embarque","CB","ARABIA SAUDITA","202","06/06/2025 11:00","6","2025","3/3/2925 11:04","2025",""," Abalones (Orelhasdomar*) (Haliotis spp.) e estrombos (Strombus spp.)","GRANEL SÓLIDO","- De borracha não alveolar:"
"Embarque","CB","ARGELIA","202","6/8/2025 15:45","6","2025","3/8/2925 15:55","2025",""," Abalones (Orelhasdomar*) (Haliotis spp.) vivos, frescos ou refrigerados ","GRANEL SÓLIDO","-- Chapas, folhas e tiras "
"Embarque","CB","ARGENTINA","202","6/8/2025 15:45","6","2025","3/8/2925 15:55","2025",""," Estrombos (Strombus spp.) vivos, frescos ou refrigerados ","GRANEL SÓLIDO","Remendo e manchão, com superfície recoberta de produtos autovulcanizantes a frio e
protegidos por papel, plástico ou outra matéria"
"Embarque","CB","ARMENIA","202","6/8/2025 15:45","6","2025","3/8/2925 15:55","2025",""," Abalones (Orelhasdomar*) (Haliotis spp.) congelados ","GRANEL SÓLIDO","-- Outros "
"Embarque","CB","ARUBA","202","6/8/2025 15:45","6","2025","3/8/2925 15:55","2025",""," Estrombos (Strombus spp.) congelados ","GRANEL SÓLIDO","Tubos de borracha vulcanizada não endurecida, mesmo providos dos respectivos acessórios (por exemplo, juntas, cotovelos, flanges, uniões)."
"Embarque","LC","AUSTRALIA","201","6/7/2025 3:35","6","2025","3/7/2925 3:35","2025",""," Outros abalones (orelhasdomar*) (Haliotis spp.) ","GRANEL SÓLIDO","- Não reforçados com outras matérias nem associados de outra forma com outras matérias:"
"Embarque","LC","AUSTRIA","201","6/7/2025 3:35","6","2025","3/7/2925 3:35","2025",""," Outros estrombos (Strombus spp.) ","GRANEL SÓLIDO","-- Sem acessórios "
"Desembarque","LC","AZERBAIDJAO","201","6/7/2025 3:35","6","2025","3/7/2925 3:35","2025",""," Outros","GRANEL SÓLIDO","-- Com acessórios"
"Desembarque","LC","BAHAMAS, ILHAS","201","6/7/2025 3:35","6","2025","3/7/2925 3:35","2025",""," Vivos, frescos ou refrigerados ","GRANEL SÓLIDO","Com uma pressão de ruptura igual ou superior a 17,3 MPa "
"Desembarque","LC","BANGLADESH","201","6/7/2025 3:35","6","2025","3/7/2925 3:35","2025",""," Congelados ","GRANEL SÓLIDO","Outros "
"Desembarque","LC","BARBADOS","201","6/7/2025 3:35","6","2025","3/7/2925 3:35","2025",""," Outros ","GRANEL SÓLIDO","- Reforçados apenas com metal ou associados de outra forma apenas com metal:"
"Embarque","CB","BAREIN","301","6/20/2025 15:40","6","2025","3/29/2925 15:40","2025","","Invertebrados aquáticos, exceto crustáceos e moluscos, vivos, frescos, refrigerados, congelados, secos, salgados ou em salmoura; invertebrados aquáticos, exceto crustáceos e moluscos, defumados (fumados), mesmo cozidos antes ou durante a defumação.","GRANEL SÓLIDO","-- Sem acessórios"
"Embarque","CB","BELARUS","201","16/06/2025 00:40","6","2025","3/16/2925 4:40","2025",""," Pepinosdomar (Stichopus japonicus, Holothuroidea)","GRANEL SÓLIDO","Com uma pressão de ruptura igual ou superior a 17,3 MPa "
"Embarque","CB","BELGICA","201","16/06/2025 00:40","6","2025","3/16/2925 4:40","2025",""," Vivos, frescos ou refrigerados ","GRANEL SÓLIDO","Outros "
"Embarque","CB","BELIZE","301","05/06/2025 15:30","6","2025","3/5/2925 15:31","2025",""," Congelados ","GRANEL SÓLIDO","-- Com acessórios"
"Embarque","CB","BENIN","301","13/06/2025 08:50","6","2025","3/13/2925 8:50","2025",""," Outros ","CARGA GERAL","Com uma pressão de ruptura igual ou superior a 17,3 MPa "
"Embarque","CB","BERMUDAS","201","21/06/2025 00:50","6","2025","3/21/2925 4:50","2025",""," Ouriçosdomar (Strongylocentrotus spp., Paracentrotus lividus, Loxechinus albus, Echinus esculentus)","CARGA GERAL","Outros "
"Embarque","CB","BOLIVIA","201","21/06/2025 00:50","6","2025","3/21/2925 4:50","2025",""," Vivos, frescos ou refrigerados ","CARGA GERAL","- Reforçados apenas com matérias têxteis ou associados de outra forma apenas com matérias têxteis:"
"Embarque","CB","BONAIRE, SAINT EUSTATIUS E SABA","201","21/06/2025 00:50","6","2025","3/21/2925 4:50","2025",""," Congelados ","CARGA GERAL","-- Sem acessórios "
"Embarque","CB","BOSNIA-HERZEGOVINA","201","21/06/2025 00:50","6","2025","3/21/2925 4:50","2025",""," Outros ","CARGA GERAL","-- Com acessórios"
"Embarque","CB","BOTSUANA","102","6/10/2025 2:24","6","2025","3/8/2925 2:24","2025",""," Medusas (águasvivas) (Rhopilema spp.) ","GRANEL LÍQUIDO","Com uma pressão de ruptura igual ou superior a 17,3 MPa "
"Embarque","CB","BOUVET, ILHA","102","6/10/2025 2:24","6","2025","3/8/2925 2:24","2025",""," Outros ","GRANEL LÍQUIDO","Outros "
"Embarque","CB","BRASIL","102","6/10/2025 2:24","6","2025","3/8/2925 2:24","2025","","Farinhas, pós e pellets, de peixe, crustáceos, moluscos e de outros invertebrados aquáticos, próprios para alimentação humana.","GRANEL LÍQUIDO","- Reforçados com outras matérias ou associados de outra forma com outras matérias:"
"Embarque","CB","BRUNEI","102","6/10/2025 2:24","6","2025","3/8/2925 2:24","2025",""," De peixe ","GRANEL LÍQUIDO","-- Sem acessórios "
"Desembarque","LC","BULGARIA","301","6/10/2025 5:45","6","2025","3/8/2925 5:55","2025",""," Outros ","GRANEL SÓLIDO","-- Com acessórios"
"Embarque","CB","BURKINA FASO","202","6/14/2025 10:05","6","2025","3/22/2925 8:05","2025","","Leite e creme de leite (nata), não concentrados nem adicionados de açúcar ou de outros edulcorantes.","GRANEL SÓLIDO","Com uma pressão de ruptura igual ou superior a 17,3 MPa "
"Embarque","CB","BURUNDI","202","6/14/2025 10:05","6","2025","3/22/2925 8:05","2025",""," Com um teor, em peso, de matérias gordas, não superior a 1 %","GRANEL SÓLIDO","Outros "
"Desembarque","CB","BUTAO","301","27/06/2025 23:25","6","2025","3/27/2925 23:25","2025","","Leite UHT (Ultra High Temperature) ","GRANEL SÓLIDO","Correias transportadoras ou de transmissão, de borracha vulcanizada."
"Desembarque","CB","CABO VERDE","301","27/06/2025 23:25","6","2025","3/27/2925 23:25","2025","","Outros ","GRANEL SÓLIDO","- Correias transportadoras:"
"Desembarque","CB","CAMAROES","201","17/06/2025 13:40","6","2025","3/17/2925 13:40","2025",""," Com um teor, em peso, de matérias gordas, superior a 1 %, mas não superior a 6 %","GRANEL SÓLIDO","-- Reforçadas apenas com metal "
"Desembarque","LC","CAMBOJA","301","17/06/2025 09:35","6","2025","3/17/2925 9:35","2025","","Leite UHT (Ultra High Temperature) ","GRANEL SÓLIDO","-- Reforçadas apenas com matérias têxteis "
"Embarque","CB","CANADA","301","26/06/2025 11:40","6","2025","3/26/2925 11:40","2025","","Outros ","GRANEL SÓLIDO","-- Outras "
"Embarque","CB","CANARIAS","202","6/23/2025 10:35","6","2025","3/23/2925 8:35","2025",""," Com um teor, em peso, de matérias gordas, superior a 6 %, mas não superior a 10 %","GRANEL SÓLIDO","- Correias de transmissão:"
"Embarque","CB","CATAR","202","6/15/2025 21:20","6","2025","3/15/2925 21:29","2025","","Leite ","GRANEL SÓLIDO","-- Correias de transmissão sem fim, de seção trapezoidal, estriadas, com uma circunferência externa superior a 60 cm, mas não superior a 180 cm "
"Embarque","LC","CAYMAN","201","27/06/2025 11:20","6","2025","3/27/2925 11:29","2025","","Creme de leite (nata)","GRANEL SÓLIDO","-- Correias de transmissão sem fim, de seção trapezoidal, não estriadas, com uma circunferência externa superior a 60 cm, mas não superior a 180 cm "
"Desembarque","LC","CAZAQUISTAO","201","27/06/2025 11:20","6","2025","3/27/2925 11:29","2025","","UHT (Ultra High Temperature) ","GRANEL SÓLIDO","-- Correias de transmissão sem fim, de seção trapezoidal, estriadas, com uma circunferência externa superior a 180 cm, mas não superior a 240 cm "
"Desembarque","LC","CHADE","201","27/06/2025 11:20","6","2025","3/27/2925 11:29","2025","","Acondicionado em recipiente metálico hermeticamente fechado","GRANEL SÓLIDO","-- Correias de transmissão sem fim, de seção trapezoidal, não estriadas, com uma circunferência externa superior a 180 cm, mas não superior a 240 cm "
"Desembarque","LC","CHILE","201","27/06/2025 11:20","6","2025","3/27/2925 11:29","2025","","Outros ","GRANEL SÓLIDO","-- Correias de transmissão sem fim, síncronas, com uma circunferência externa superior a 60 cm, mas não superior a 150 cm "
"Desembarque","LC","CHINA","201","27/06/2025 11:20","6","2025","3/27/2925 11:29","2025","","Acondicionados em recipientes metálicos hermeticamente fechados","GRANEL SÓLIDO","-- Correias de transmissão sem fim, síncronas, com uma circunferência externa superior a 150 cm, mas não superior a 198 cm "
"Desembarque","LC","CHIPRE","201","27/06/2025 11:20","6","2025","3/27/2925 11:29","2025",""," Com um teor, em peso, de matérias gordas, superior a 10 %","GRANEL SÓLIDO","-- Outras "
"Embarque","CB","CHRISTMAS, ILHA (NAVIDAD)","202","25/06/2025 21:15","6","2025","3/25/2925 21:15","2025","","Leite ","GRANEL SÓLIDO","Pneumáticos novos, de borracha."
"Embarque","CB","CINGAPURA","202","25/06/2025 21:15","6","2025","3/25/2925 21:15","2025","","Creme de leite (nata)","GRANEL SÓLIDO","- Do tipo utilizado em automóveis de passageiros (incluindo os veículos de uso misto (station wagons) e os automóveis de corrida) "
"Embarque","CB","COCOS (KEELINGS)","202","25/06/2025 21:15","6","2025","3/25/2925 21:15","2025","","UHT (Ultra High Temperature) ","GRANEL SÓLIDO","- Do tipo utilizado em ônibus (autocarros) ou caminhões"
"Embarque","CB","COLOMBIA","202","25/06/2025 21:15","6","2025","3/25/2925 21:15","2025","","Acondicionado em recipiente metálico hermeticamente fechado","GRANEL SÓLIDO","De medida 11,00-24 "
"Embarque","CB","COMORES","202","25/06/2025 21:15","6","2025","3/25/2925 21:15","2025","","Outros ","GRANEL SÓLIDO","Outros "
"Embarque","CB","CONGO","202","29/06/2025 06:25","6","2025","3/29/2925 3:25","2025","","Acondicionados em recipientes metálicos hermeticamente fechados","GRANEL SÓLIDO","- Do tipo utilizado em veículos aéreos "
"Embarque","CB","COOK","202","29/06/2025 06:25","6","2025","3/29/2925 3:25","2025","","Leite e creme de leite (nata), concentrados ou adicionados de açúcar ou de outros edulcorantes.","GRANEL SÓLIDO","- Do tipo utilizado em motocicletas "
"Desembarque","LC","COREIA DO NORTE","201","26/06/2025 00:15","6","2025","3/26/2925 4:15","2025",""," Em pó, grânulos ou outras formas sólidas, com um teor, em peso, de matérias gordas, não superior a 1,5 %","GRANEL SÓLIDO","- Do tipo utilizado em bicicletas "
"Desembarque","LC","COREIA DO SUL","201","26/06/2025 00:15","6","2025","3/26/2925 4:15","2025","","Com um teor de arsênio, chumbo ou cobre, considerados isoladamente, inferior a 5 ppm ","GRANEL SÓLIDO","- Do tipo utilizado em veículos e máquinas agrícolas ou florestais"
"Desembarque","LC","COSTA DO MARFIM","201","26/06/2025 00:15","6","2025","3/26/2925 4:15","2025","","Outros ","GRANEL SÓLIDO","Nas seguintes medidas: 4,00-15; 4,00-18; 4,00-19; 5,00-15; 5,00-16; 5,50-16; 6,00-16; 6,00-19; 6,00-20; 6,50-16; 6,50-20; 7,50-16; 7,50-18; 7,50-20 "
"Desembarque","LC","COSTA RICA","202","6/23/2025 23:25","6","2025","3/23/2925 23:25","2025",""," Em pó, grânulos ou outras formas sólidas, com um teor, em peso, de matérias gordas, superior a 1,5 %","GRANEL SÓLIDO","Para máquinas e tratores agrícolas"
